/*
 Navicat Premium Data Transfer

 Source Server         : 127.0.0.1
 Source Server Type    : MySQL
 Source Server Version : 50725
 Source Host           : localhost:3306
 Source Schema         : 1055tp5_test

 Target Server Type    : MySQL
 Target Server Version : 50725
 File Encoding         : 65001

 Date: 15/01/2020 09:59:39
*/

SET NAMES utf8mb4;
SET FOREIGN_KEY_CHECKS = 0;

-- ----------------------------
-- Table structure for hui_admin
-- ----------------------------
DROP TABLE IF EXISTS `hui_admin`;
CREATE TABLE `hui_admin`  (
  `id` int(10) UNSIGNED NOT NULL AUTO_INCREMENT COMMENT 'ID',
  `username` varchar(20) CHARACTER SET utf8 COLLATE utf8_general_ci NOT NULL DEFAULT '' COMMENT '用户名',
  `nickname` varchar(50) CHARACTER SET utf8 COLLATE utf8_general_ci NOT NULL DEFAULT '' COMMENT '昵称',
  `password` varchar(32) CHARACTER SET utf8 COLLATE utf8_general_ci NOT NULL DEFAULT '' COMMENT '密码',
  `salt` varchar(30) CHARACTER SET utf8 COLLATE utf8_general_ci NOT NULL DEFAULT '' COMMENT '密码盐',
  `avatar` varchar(255) CHARACTER SET utf8 COLLATE utf8_general_ci NOT NULL DEFAULT '' COMMENT '头像',
  `email` varchar(100) CHARACTER SET utf8 COLLATE utf8_general_ci NOT NULL DEFAULT '' COMMENT '电子邮箱',
  `loginfailure` tinyint(1) UNSIGNED NOT NULL DEFAULT 0 COMMENT '失败次数',
  `logintime` int(10) DEFAULT NULL COMMENT '登录时间',
  `loginip` varchar(50) CHARACTER SET utf8 COLLATE utf8_general_ci DEFAULT NULL COMMENT '登录IP',
  `createtime` int(10) DEFAULT NULL COMMENT '创建时间',
  `updatetime` int(10) DEFAULT NULL COMMENT '更新时间',
  `token` varchar(59) CHARACTER SET utf8 COLLATE utf8_general_ci NOT NULL DEFAULT '' COMMENT 'Session标识',
  `status` varchar(30) CHARACTER SET utf8 COLLATE utf8_general_ci NOT NULL DEFAULT 'normal' COMMENT '状态',
  PRIMARY KEY (`id`) USING BTREE,
  UNIQUE INDEX `username`(`username`) USING BTREE
) ENGINE = InnoDB AUTO_INCREMENT = 6 CHARACTER SET = utf8 COLLATE = utf8_general_ci COMMENT = '管理员表' ROW_FORMAT = Compact;

-- ----------------------------
-- Records of hui_admin
-- ----------------------------
INSERT INTO `hui_admin` VALUES (1, 'admin', 'Admin', 'fffe69302908dafc83cecc5686608ac7', 'zsmQ5v', '/assets/img/avatar.png', 'admin@fastadmin.net', 0, 1579048007, '127.0.0.1', 1492186163, 1578378885, '62465acf-babd-44d8-96a1-51535702f218', 'normal');
INSERT INTO `hui_admin` VALUES (2, 'qinhui', '秦辉', '0ae6c64458602cf828ccf2462cbae331', 'Q8Dx7j', '/assets/img/avatar.png', '762229008@qq.com', 0, 1578879048, '127.0.0.1', 1577182414, 1578380468, 'b7dbdc33-eac7-440e-88d4-c902a96e7f1d', 'normal');
INSERT INTO `hui_admin` VALUES (3, 'liujiangchao', '刘江超', '11050808fc47de3eac0f407943c9adb7', 'uERc7t', '/assets/img/avatar.png', '123@qq.com', 0, 1577182688, '127.0.0.1', 1577182612, 0, '', 'normal');
INSERT INTO `hui_admin` VALUES (4, 'liuyang', '刘洋', '2a41efbae9070e239be203ffad9a95b3', 'e1g2zT', '', 'liuyang@qq.com', 0, 1577956082, '127.0.0.1', 1577955991, 1578301906, '', 'normal');
INSERT INTO `hui_admin` VALUES (5, 'miaowenjie', '苗文杰', '55a651b2afb2c83b59f00c16aab2839a', 'RrCoNy', '', '123@qq.com', 0, 0, '', 1577956057, 0, '', 'normal');

-- ----------------------------
-- Table structure for hui_admin_log
-- ----------------------------
DROP TABLE IF EXISTS `hui_admin_log`;
CREATE TABLE `hui_admin_log`  (
  `id` int(10) UNSIGNED NOT NULL AUTO_INCREMENT COMMENT 'ID',
  `admin_id` int(10) UNSIGNED NOT NULL DEFAULT 0 COMMENT '管理员ID',
  `username` varchar(30) CHARACTER SET utf8 COLLATE utf8_general_ci NOT NULL DEFAULT '' COMMENT '管理员名字',
  `url` varchar(1500) CHARACTER SET utf8 COLLATE utf8_general_ci NOT NULL DEFAULT '' COMMENT '操作页面',
  `title` varchar(100) CHARACTER SET utf8 COLLATE utf8_general_ci NOT NULL DEFAULT '' COMMENT '日志标题',
  `content` text CHARACTER SET utf8 COLLATE utf8_general_ci NOT NULL COMMENT '内容',
  `ip` varchar(50) CHARACTER SET utf8 COLLATE utf8_general_ci NOT NULL DEFAULT '' COMMENT 'IP',
  `useragent` varchar(255) CHARACTER SET utf8 COLLATE utf8_general_ci NOT NULL DEFAULT '' COMMENT 'User-Agent',
  `createtime` int(10) DEFAULT NULL COMMENT '操作时间',
  PRIMARY KEY (`id`) USING BTREE,
  INDEX `name`(`username`) USING BTREE
) ENGINE = InnoDB AUTO_INCREMENT = 352 CHARACTER SET = utf8 COLLATE = utf8_general_ci COMMENT = '管理员日志表' ROW_FORMAT = Compact;

-- ----------------------------
-- Records of hui_admin_log
-- ----------------------------
INSERT INTO `hui_admin_log` VALUES (1, 1, 'admin', '/admin.php/auth.rule/rule_edit.html', '权限管理 修改菜单规则', '{\"ismenu\":\"0\",\"pid\":\"21\",\"title\":\"\\u4fee\\u6539\\u8d44\\u6599\",\"name\":\"general.profile\\/update\",\"icon\":\"icon-round_text_fill\",\"condition\":\"\",\"status\":\"normal\",\"weigh\":\"1\",\"id\":\"22\",\"dosubmit\":\"1\"}', '127.0.0.1', 'Mozilla/5.0 (Windows NT 10.0; Win64; x64) AppleWebKit/537.36 (KHTML, like Gecko) Chrome/79.0.3945.88 Safari/537.36 Edg/79.0.309.58', 1578382485);
INSERT INTO `hui_admin_log` VALUES (2, 1, 'admin', '/admin.php/login/index.html', '登录', '{\"username\":\"admin\",\"dosubmit\":\"1\"}', '127.0.0.1', 'Mozilla/5.0 (Windows NT 10.0; Win64; x64) AppleWebKit/537.36 (KHTML, like Gecko) Chrome/79.0.3945.88 Safari/537.36 Edg/79.0.309.58', 1578462973);
INSERT INTO `hui_admin_log` VALUES (3, 1, 'admin', '/admin.php/login/index.html', '登录', '{\"username\":\"admin\",\"dosubmit\":\"1\"}', '127.0.0.1', 'Mozilla/5.0 (Windows NT 10.0; Win64; x64) AppleWebKit/537.36 (KHTML, like Gecko) Chrome/79.0.3945.88 Safari/537.36 Edg/79.0.309.58', 1578475599);
INSERT INTO `hui_admin_log` VALUES (4, 1, 'admin', '/admin.php/general.database/optimize.html', '常规管理', '{\"table\":[\"hui_admin\",\"hui_admin_log\",\"hui_auth_group\",\"hui_auth_group_access\",\"hui_auth_rule\"]}', '127.0.0.1', 'Mozilla/5.0 (Windows NT 10.0; Win64; x64) AppleWebKit/537.36 (KHTML, like Gecko) Chrome/79.0.3945.88 Safari/537.36 Edg/79.0.309.58', 1578475628);
INSERT INTO `hui_admin_log` VALUES (5, 1, 'admin', '/admin.php/login/index.html', '登录', '{\"username\":\"admin\",\"dosubmit\":\"1\"}', '127.0.0.1', 'Mozilla/5.0 (Windows NT 10.0; Win64; x64) AppleWebKit/537.36 (KHTML, like Gecko) Chrome/79.0.3945.117 Safari/537.36 Edg/79.0.309.60', 1578528759);
INSERT INTO `hui_admin_log` VALUES (6, 1, 'admin', '/admin.php/auth.rule/rule_add.html', '权限管理 添加菜单规则', '{\"ismenu\":\"1\",\"pid\":\"0\",\"title\":\"\\u6a21\\u5757\\u7ba1\\u7406\",\"name\":\"modules\",\"icon\":\"icon-round_text_fill\",\"condition\":\"\",\"status\":\"normal\",\"weigh\":\"10\",\"dosubmit\":\"1\"}', '127.0.0.1', 'Mozilla/5.0 (Windows NT 10.0; Win64; x64) AppleWebKit/537.36 (KHTML, like Gecko) Chrome/79.0.3945.117 Safari/537.36 Edg/79.0.309.60', 1578529506);
INSERT INTO `hui_admin_log` VALUES (7, 1, 'admin', '/admin.php/auth.rule/rule_add.html', '权限管理 添加菜单规则', '{\"ismenu\":\"1\",\"pid\":\"25\",\"title\":\"\\u53cb\\u60c5\\u94fe\\u63a5\\u7ba1\\u7406\",\"name\":\"link\\/index\",\"icon\":\"icon-favor\",\"condition\":\"\",\"status\":\"normal\",\"weigh\":\"1\",\"dosubmit\":\"1\"}', '127.0.0.1', 'Mozilla/5.0 (Windows NT 10.0; Win64; x64) AppleWebKit/537.36 (KHTML, like Gecko) Chrome/79.0.3945.117 Safari/537.36 Edg/79.0.309.60', 1578529679);
INSERT INTO `hui_admin_log` VALUES (8, 1, 'admin', '/admin.php/auth.rule/rule_edit.html', '权限管理 修改菜单规则', '{\"ismenu\":\"1\",\"pid\":\"0\",\"title\":\"\\u6a21\\u5757\\u7ba1\\u7406\",\"name\":\"modules\",\"icon\":\"icon-cascades\",\"condition\":\"\",\"status\":\"normal\",\"weigh\":\"10\",\"id\":\"25\",\"dosubmit\":\"1\"}', '127.0.0.1', 'Mozilla/5.0 (Windows NT 10.0; Win64; x64) AppleWebKit/537.36 (KHTML, like Gecko) Chrome/79.0.3945.117 Safari/537.36 Edg/79.0.309.60', 1578529701);
INSERT INTO `hui_admin_log` VALUES (9, 1, 'admin', '/admin.php/auth.rule/rule_order.html', '权限管理', '{\"listorders\":{\"1\":\"11\",\"21\":\"1\",\"22\":\"1\",\"18\":\"98\",\"19\":\"1\",\"20\":\"2\",\"4\":\"99\",\"23\":\"1\",\"24\":\"2\",\"2\":\"12\",\"3\":\"1\",\"15\":\"1\",\"16\":\"2\",\"17\":\"3\",\"5\":\"2\",\"12\":\"1\",\"13\":\"2\",\"14\":\"3\",\"6\":\"3\",\"7\":\"0\",\"8\":\"2\",\"9\":\"3\",\"10\":\"4\",\"11\":\"5\",\"25\":\"10\",\"26\":\"1\"},\"dosubmit\":\"\\u6392\\u5e8f\"}', '127.0.0.1', 'Mozilla/5.0 (Windows NT 10.0; Win64; x64) AppleWebKit/537.36 (KHTML, like Gecko) Chrome/79.0.3945.117 Safari/537.36 Edg/79.0.309.60', 1578529728);
INSERT INTO `hui_admin_log` VALUES (10, 1, 'admin', '/admin.php/auth.rule/rule_add.html', '权限管理 添加菜单规则', '{\"ismenu\":\"1\",\"pid\":\"1\",\"title\":\"\\u7cfb\\u7edf\\u8bbe\\u7f6e\",\"name\":\"general.config\\/index\",\"icon\":\"icon-repairfill\",\"condition\":\"\",\"status\":\"normal\",\"weigh\":\"1\",\"dosubmit\":\"1\"}', '127.0.0.1', 'Mozilla/5.0 (Windows NT 10.0; Win64; x64) AppleWebKit/537.36 (KHTML, like Gecko) Chrome/79.0.3945.117 Safari/537.36 Edg/79.0.309.60', 1578529853);
INSERT INTO `hui_admin_log` VALUES (11, 1, 'admin', '/admin.php/auth.rule/rule_edit.html', '权限管理 修改菜单规则', '{\"ismenu\":\"1\",\"pid\":\"1\",\"title\":\"\\u7cfb\\u7edf\\u8bbe\\u7f6e\",\"name\":\"general.config\\/index\",\"icon\":\"icon-repairfill\",\"condition\":\"\",\"status\":\"normal\",\"weigh\":\"1\",\"id\":\"27\",\"dosubmit\":\"1\"}', '127.0.0.1', 'Mozilla/5.0 (Windows NT 10.0; Win64; x64) AppleWebKit/537.36 (KHTML, like Gecko) Chrome/79.0.3945.117 Safari/537.36 Edg/79.0.309.60', 1578529861);
INSERT INTO `hui_admin_log` VALUES (12, 1, 'admin', '/admin.php/auth.rule/rule_edit.html', '权限管理 修改菜单规则', '{\"ismenu\":\"1\",\"pid\":\"1\",\"title\":\"\\u7cfb\\u7edf\\u8bbe\\u7f6e\",\"name\":\"general.config\\/index\",\"icon\":\"icon-repairfill\",\"condition\":\"\",\"status\":\"normal\",\"weigh\":\"2\",\"id\":\"27\",\"dosubmit\":\"1\"}', '127.0.0.1', 'Mozilla/5.0 (Windows NT 10.0; Win64; x64) AppleWebKit/537.36 (KHTML, like Gecko) Chrome/79.0.3945.117 Safari/537.36 Edg/79.0.309.60', 1578529870);
INSERT INTO `hui_admin_log` VALUES (13, 1, 'admin', '/admin.php/auth.rule/rule_add.html', '权限管理 添加菜单规则', '{\"ismenu\":\"1\",\"pid\":\"25\",\"title\":\"\\u6587\\u4ef6\\u7ba1\\u7406\\u5668\",\"name\":\"file\\/index\",\"icon\":\"icon-form_fill_light\",\"condition\":\"\",\"status\":\"normal\",\"weigh\":\"99\",\"dosubmit\":\"1\"}', '127.0.0.1', 'Mozilla/5.0 (Windows NT 10.0; Win64; x64) AppleWebKit/537.36 (KHTML, like Gecko) Chrome/79.0.3945.117 Safari/537.36 Edg/79.0.309.60', 1578529983);
INSERT INTO `hui_admin_log` VALUES (14, 1, 'admin', '/admin.php/auth.rule/rule_edit.html', '权限管理 修改菜单规则', '{\"ismenu\":\"1\",\"pid\":\"25\",\"title\":\"\\u53cb\\u60c5\\u94fe\\u63a5\\u7ba1\\u7406\",\"name\":\"link\\/index\",\"icon\":\"icon-round_link_fill\",\"condition\":\"\",\"status\":\"normal\",\"weigh\":\"1\",\"id\":\"26\",\"dosubmit\":\"1\"}', '127.0.0.1', 'Mozilla/5.0 (Windows NT 10.0; Win64; x64) AppleWebKit/537.36 (KHTML, like Gecko) Chrome/79.0.3945.117 Safari/537.36 Edg/79.0.309.60', 1578529998);
INSERT INTO `hui_admin_log` VALUES (15, 1, 'admin', '/admin.php/auth.rule/rule_add.html', '权限管理 添加菜单规则', '{\"ismenu\":\"0\",\"pid\":\"27\",\"title\":\"\\u4fee\\u6539\\u8bbe\\u7f6e\",\"name\":\"general.config\\/update\",\"icon\":\"icon-round_text_fill\",\"condition\":\"\",\"status\":\"normal\",\"weigh\":\"1\",\"dosubmit\":\"1\"}', '127.0.0.1', 'Mozilla/5.0 (Windows NT 10.0; Win64; x64) AppleWebKit/537.36 (KHTML, like Gecko) Chrome/79.0.3945.117 Safari/537.36 Edg/79.0.309.60', 1578530130);
INSERT INTO `hui_admin_log` VALUES (16, 1, 'admin', '/admin.php/auth.admin/public_get_auth_group_name.html', '权限管理', '{\"arr\":\"4\"}', '127.0.0.1', 'Mozilla/5.0 (Windows NT 10.0; Win64; x64) AppleWebKit/537.36 (KHTML, like Gecko) Chrome/79.0.3945.117 Safari/537.36 Edg/79.0.309.60', 1578530367);
INSERT INTO `hui_admin_log` VALUES (17, 1, 'admin', '/admin.php/general.database/backup.html', '常规管理 数据库备份', '{\"dosubmit\":\"1\"}', '127.0.0.1', 'Mozilla/5.0 (Windows NT 10.0; Win64; x64) AppleWebKit/537.36 (KHTML, like Gecko) Chrome/79.0.3945.117 Safari/537.36 Edg/79.0.309.60', 1578530423);
INSERT INTO `hui_admin_log` VALUES (18, 1, 'admin', '/admin.php/general.database/optimize.html', '常规管理', '{\"table\":[\"hui_admin\",\"hui_admin_log\",\"hui_auth_group\",\"hui_auth_group_access\",\"hui_auth_rule\"]}', '127.0.0.1', 'Mozilla/5.0 (Windows NT 10.0; Win64; x64) AppleWebKit/537.36 (KHTML, like Gecko) Chrome/79.0.3945.117 Safari/537.36 Edg/79.0.309.60', 1578530484);
INSERT INTO `hui_admin_log` VALUES (19, 1, 'admin', '/admin.php/login/index.html', '登录', '{\"username\":\"admin\",\"dosubmit\":\"1\"}', '127.0.0.1', 'Mozilla/5.0 (Windows NT 10.0; Win64; x64) AppleWebKit/537.36 (KHTML, like Gecko) Chrome/79.0.3945.117 Safari/537.36 Edg/79.0.309.60', 1578614950);
INSERT INTO `hui_admin_log` VALUES (20, 1, 'admin', '/admin.php/login/index.html', '登录', '{\"username\":\"admin\",\"dosubmit\":\"1\"}', '127.0.0.1', 'Mozilla/5.0 (Windows NT 10.0; Win64; x64) AppleWebKit/537.36 (KHTML, like Gecko) Chrome/79.0.3945.117 Safari/537.36 Edg/79.0.309.60', 1578614950);
INSERT INTO `hui_admin_log` VALUES (21, 1, 'admin', '/admin.php/general.config/public_check_ftp.html', '常规管理', '{\"ftp_host\":\"45.32.214.79\",\"ftp_port\":\"21\",\"ftp_user\":\"21\",\"ftp_pwd\":\"sJ65wTnhmYPe2k5A\"}', '127.0.0.1', 'Mozilla/5.0 (Windows NT 10.0; Win64; x64) AppleWebKit/537.36 (KHTML, like Gecko) Chrome/79.0.3945.117 Safari/537.36 Edg/79.0.309.60', 1578622983);
INSERT INTO `hui_admin_log` VALUES (22, 1, 'admin', '/admin.php/general.config/public_check_ftp.html', '常规管理', '{\"ftp_host\":\"45.32.214.79\",\"ftp_port\":\"21\",\"ftp_user\":\"ftp_com\",\"ftp_pwd\":\"sJ65wTnhmYPe2k5A\"}', '127.0.0.1', 'Mozilla/5.0 (Windows NT 10.0; Win64; x64) AppleWebKit/537.36 (KHTML, like Gecko) Chrome/79.0.3945.117 Safari/537.36 Edg/79.0.309.60', 1578623023);
INSERT INTO `hui_admin_log` VALUES (23, 1, 'admin', '/admin.php/auth.rule/rule_add.html', '权限管理 添加菜单规则', '{\"ismenu\":\"0\",\"pid\":\"27\",\"title\":\"\\u6d4b\\u8bd5FTP\\u8fde\\u63a5\",\"name\":\"general.config\\/public_check_ftp\",\"icon\":\"\",\"condition\":\"\",\"status\":\"normal\",\"weigh\":\"2\",\"dosubmit\":\"1\"}', '127.0.0.1', 'Mozilla/5.0 (Windows NT 10.0; Win64; x64) AppleWebKit/537.36 (KHTML, like Gecko) Chrome/79.0.3945.117 Safari/537.36 Edg/79.0.309.60', 1578623211);
INSERT INTO `hui_admin_log` VALUES (24, 1, 'admin', '/admin.php/auth.rule/rule_edit.html', '权限管理 修改菜单规则', '{\"ismenu\":\"0\",\"pid\":\"27\",\"title\":\"\\u6d4b\\u8bd5FTP\\u8fde\\u63a5\",\"name\":\"general.config\\/public_check_ftp\",\"icon\":\"icon-round_text_fill\",\"condition\":\"\",\"status\":\"normal\",\"weigh\":\"2\",\"id\":\"30\",\"dosubmit\":\"1\"}', '127.0.0.1', 'Mozilla/5.0 (Windows NT 10.0; Win64; x64) AppleWebKit/537.36 (KHTML, like Gecko) Chrome/79.0.3945.117 Safari/537.36 Edg/79.0.309.60', 1578623224);
INSERT INTO `hui_admin_log` VALUES (25, 1, 'admin', '/admin.php/general.config/public_check_ftp.html', '常规管理 测试FTP连接', '{\"ftp_host\":\"45.32.214.79\",\"ftp_port\":\"21\",\"ftp_user\":\"ftp_com\",\"ftp_pwd\":\"sJ65wTnhmYPe2k5A\"}', '127.0.0.1', 'Mozilla/5.0 (Windows NT 10.0; Win64; x64) AppleWebKit/537.36 (KHTML, like Gecko) Chrome/79.0.3945.117 Safari/537.36 Edg/79.0.309.60', 1578623285);
INSERT INTO `hui_admin_log` VALUES (26, 1, 'admin', '/admin.php/general.database/optimize.html', '常规管理', '{\"table\":[\"hui_admin\",\"hui_admin_log\",\"hui_auth_group\",\"hui_auth_group_access\",\"hui_auth_rule\",\"hui_config\"]}', '127.0.0.1', 'Mozilla/5.0 (Windows NT 10.0; Win64; x64) AppleWebKit/537.36 (KHTML, like Gecko) Chrome/79.0.3945.117 Safari/537.36 Edg/79.0.309.60', 1578623409);
INSERT INTO `hui_admin_log` VALUES (27, 1, 'admin', '/admin.php/auth.rule/rule_add.html', '权限管理 添加菜单规则', '{\"ismenu\":\"1\",\"pid\":\"4\",\"title\":\"\\u4f18\\u5316\\u8868\",\"name\":\"general.database\\/optimize\",\"icon\":\"icon-round_text_fill\",\"condition\":\"\",\"status\":\"normal\",\"weigh\":\"3\",\"dosubmit\":\"1\"}', '127.0.0.1', 'Mozilla/5.0 (Windows NT 10.0; Win64; x64) AppleWebKit/537.36 (KHTML, like Gecko) Chrome/79.0.3945.117 Safari/537.36 Edg/79.0.309.60', 1578623434);
INSERT INTO `hui_admin_log` VALUES (28, 1, 'admin', '/admin.php/general.database/optimize.html', '常规管理 优化表', '{\"table\":[\"hui_admin\",\"hui_admin_log\",\"hui_auth_group\",\"hui_auth_group_access\",\"hui_auth_rule\",\"hui_config\"]}', '127.0.0.1', 'Mozilla/5.0 (Windows NT 10.0; Win64; x64) AppleWebKit/537.36 (KHTML, like Gecko) Chrome/79.0.3945.117 Safari/537.36 Edg/79.0.309.60', 1578623445);
INSERT INTO `hui_admin_log` VALUES (29, 1, 'admin', '/admin.php/general.database/repair.html', '常规管理', '{\"table\":[\"hui_admin\",\"hui_admin_log\",\"hui_auth_group\",\"hui_auth_group_access\",\"hui_auth_rule\",\"hui_config\"]}', '127.0.0.1', 'Mozilla/5.0 (Windows NT 10.0; Win64; x64) AppleWebKit/537.36 (KHTML, like Gecko) Chrome/79.0.3945.117 Safari/537.36 Edg/79.0.309.60', 1578623465);
INSERT INTO `hui_admin_log` VALUES (30, 1, 'admin', '/admin.php/auth.rule/rule_add.html', '权限管理 添加菜单规则', '{\"ismenu\":\"1\",\"pid\":\"4\",\"title\":\"\\u4fee\\u590d\\u8868\",\"name\":\"general.database\\/repair\",\"icon\":\"icon-round_text_fill\",\"condition\":\"\",\"status\":\"normal\",\"weigh\":\"4\",\"dosubmit\":\"1\"}', '127.0.0.1', 'Mozilla/5.0 (Windows NT 10.0; Win64; x64) AppleWebKit/537.36 (KHTML, like Gecko) Chrome/79.0.3945.117 Safari/537.36 Edg/79.0.309.60', 1578623484);
INSERT INTO `hui_admin_log` VALUES (31, 1, 'admin', '/admin.php/auth.rule/rule_edit.html', '权限管理 修改菜单规则', '{\"ismenu\":\"0\",\"pid\":\"4\",\"title\":\"\\u4f18\\u5316\\u8868\",\"name\":\"general.database\\/optimize\",\"icon\":\"icon-round_text_fill\",\"condition\":\"\",\"status\":\"normal\",\"weigh\":\"3\",\"id\":\"31\",\"dosubmit\":\"1\"}', '127.0.0.1', 'Mozilla/5.0 (Windows NT 10.0; Win64; x64) AppleWebKit/537.36 (KHTML, like Gecko) Chrome/79.0.3945.117 Safari/537.36 Edg/79.0.309.60', 1578623499);
INSERT INTO `hui_admin_log` VALUES (32, 1, 'admin', '/admin.php/auth.rule/rule_edit.html', '权限管理 修改菜单规则', '{\"ismenu\":\"0\",\"pid\":\"4\",\"title\":\"\\u4fee\\u590d\\u8868\",\"name\":\"general.database\\/repair\",\"icon\":\"icon-round_text_fill\",\"condition\":\"\",\"status\":\"normal\",\"weigh\":\"4\",\"id\":\"32\",\"dosubmit\":\"1\"}', '127.0.0.1', 'Mozilla/5.0 (Windows NT 10.0; Win64; x64) AppleWebKit/537.36 (KHTML, like Gecko) Chrome/79.0.3945.117 Safari/537.36 Edg/79.0.309.60', 1578623509);
INSERT INTO `hui_admin_log` VALUES (33, 1, 'admin', '/admin.php/general.database/repair.html', '常规管理 修复表', '{\"table\":[\"hui_admin\",\"hui_admin_log\",\"hui_auth_group\",\"hui_auth_group_access\",\"hui_auth_rule\",\"hui_config\"]}', '127.0.0.1', 'Mozilla/5.0 (Windows NT 10.0; Win64; x64) AppleWebKit/537.36 (KHTML, like Gecko) Chrome/79.0.3945.117 Safari/537.36 Edg/79.0.309.60', 1578623554);
INSERT INTO `hui_admin_log` VALUES (34, 1, 'admin', '/admin.php/general.database/backup.html', '常规管理 数据库备份', '{\"dosubmit\":\"1\"}', '127.0.0.1', 'Mozilla/5.0 (Windows NT 10.0; Win64; x64) AppleWebKit/537.36 (KHTML, like Gecko) Chrome/79.0.3945.117 Safari/537.36 Edg/79.0.309.60', 1578623609);
INSERT INTO `hui_admin_log` VALUES (35, 1, 'admin', '/admin.php/general.database/backup.html', '常规管理 数据库备份', '{\"dosubmit\":\"1\"}', '127.0.0.1', 'Mozilla/5.0 (Windows NT 10.0; Win64; x64) AppleWebKit/537.36 (KHTML, like Gecko) Chrome/79.0.3945.117 Safari/537.36 Edg/79.0.309.60', 1578623733);
INSERT INTO `hui_admin_log` VALUES (36, 1, 'admin', '/admin.php/login/index.html', '登录', '{\"username\":\"admin\",\"dosubmit\":\"1\"}', '127.0.0.1', 'Mozilla/5.0 (Windows NT 10.0; Win64; x64) AppleWebKit/537.36 (KHTML, like Gecko) Chrome/79.0.3945.117 Safari/537.36 Edg/79.0.309.63', 1578702689);
INSERT INTO `hui_admin_log` VALUES (37, 1, 'admin', '/admin.php/general.config/public_check_ftp.html', '常规管理 测试FTP连接', '{\"ftp_host\":\"45.32.214.79\",\"ftp_port\":\"21\",\"ftp_user\":\"ftp_com\",\"ftp_pwd\":\"sJ65wTnhmYPe2k5A\"}', '127.0.0.1', 'Mozilla/5.0 (Windows NT 10.0; Win64; x64) AppleWebKit/537.36 (KHTML, like Gecko) Chrome/79.0.3945.117 Safari/537.36 Edg/79.0.309.63', 1578725419);
INSERT INTO `hui_admin_log` VALUES (38, 1, 'admin', '/admin.php/general.config/save.html', '常规管理', '{\"site_name\":\"HuiCmf - \\u6f14\\u793a\\u7ad9\",\"site_url\":\"http:\\/\\/huicmf2.com\\/\",\"site_keyword\":\"huicmf\",\"site_copyright\":\"Powered By HuiCMF\\u5185\\u5bb9\\u7ba1\\u7406\\u7cfb\\u7edf \\u00a9 2018-2020 \\u5c0f\\u7070\\u7070\\u5de5\\u4f5c\\u5ba4\",\"site_beian\":\"\\u4eacICP\\u5907666666\\u53f7\",\"site_code\":\"\",\"admin_prohibit_ip\":\"\",\"admin_log\":\"0\",\"login_code\":\"0\",\"mail_server\":\"smtp.exmail.qq.com\",\"mail_port\":\"465\",\"mail_from\":\"\",\"mail_user\":\"\",\"mail_pass\":\"\",\"mail_inbox\":\"\",\"mail_to\":\"\",\"upload_maxsize\":\"3048\",\"upload_types\":\"zip|rar|mp3|mp4|jpg|jpeg|png|gif|bmp\",\"watermark_enable\":\"0\",\"watermark_name\":\"mark.png\",\"watermark_position\":\"9\",\"watermark_touming\":\"100\",\"upload_mode\":\"local\",\"ftp_path\":\"\\/uploads\\/\",\"ftp_host\":\"45.32.214.79\",\"ftp_port\":\"21\",\"ftp_user\":\"ftp_com\",\"ftp_pwd\":\"sJ65wTnhmYPe2k5A\",\"ftp_url\":\"http:\\/\\/222.com\",\"dosubmit\":\"1\"}', '127.0.0.1', 'Mozilla/5.0 (Windows NT 10.0; Win64; x64) AppleWebKit/537.36 (KHTML, like Gecko) Chrome/79.0.3945.117 Safari/537.36 Edg/79.0.309.63', 1578725818);
INSERT INTO `hui_admin_log` VALUES (39, 1, 'admin', '/admin.php/general.config/save.html', '常规管理', '{\"site_name\":\"HuiCmf - \\u6f14\\u793a\\u7ad9\",\"site_url\":\"http:\\/\\/huicmf2.com\\/\",\"site_keyword\":\"huicmf\",\"site_copyright\":\"Powered By HuiCMF\\u5185\\u5bb9\\u7ba1\\u7406\\u7cfb\\u7edf \\u00a9 2018-2020 \\u5c0f\\u7070\\u7070\\u5de5\\u4f5c\\u5ba4\",\"site_beian\":\"\\u4eacICP\\u5907666666\\u53f7\",\"site_code\":\"\",\"admin_prohibit_ip\":\"\",\"admin_log\":\"0\",\"login_code\":\"0\",\"mail_server\":\"smtp.exmail.qq.com\",\"mail_port\":\"465\",\"mail_from\":\"\",\"mail_user\":\"\",\"mail_pass\":\"\",\"mail_inbox\":\"\",\"mail_to\":\"\",\"upload_maxsize\":\"3048\",\"upload_types\":\"zip|rar|mp3|mp4|jpg|jpeg|png|gif|bmp\",\"watermark_enable\":\"0\",\"watermark_name\":\"mark.png\",\"watermark_position\":\"9\",\"watermark_touming\":\"100\",\"upload_mode\":\"local\",\"ftp_path\":\"\\/uploads\\/\",\"ftp_host\":\"45.32.214.79\",\"ftp_port\":\"21\",\"ftp_user\":\"ftp_com\",\"ftp_pwd\":\"sJ65wTnhmYPe2k5A\",\"ftp_url\":\"http:\\/\\/222.com\",\"dosubmit\":\"1\"}', '127.0.0.1', 'Mozilla/5.0 (Windows NT 10.0; Win64; x64) AppleWebKit/537.36 (KHTML, like Gecko) Chrome/79.0.3945.117 Safari/537.36 Edg/79.0.309.63', 1578725903);
INSERT INTO `hui_admin_log` VALUES (40, 1, 'admin', '/admin.php/general.config/save.html', '常规管理', '{\"site_name\":\"HuiCmf - \\u6f14\\u793a\\u7ad93\",\"site_url\":\"http:\\/\\/huicmf2.com\\/\",\"site_keyword\":\"huicmf\",\"site_copyright\":\"Powered By HuiCMF\\u5185\\u5bb9\\u7ba1\\u7406\\u7cfb\\u7edf \\u00a9 2018-2020 \\u5c0f\\u7070\\u7070\\u5de5\\u4f5c\\u5ba4\",\"site_beian\":\"\\u4eacICP\\u5907666666\\u53f7\",\"site_code\":\"\",\"admin_prohibit_ip\":\"\",\"admin_log\":\"0\",\"login_code\":\"0\",\"mail_server\":\"smtp.exmail.qq.com\",\"mail_port\":\"465\",\"mail_from\":\"\",\"mail_user\":\"\",\"mail_pass\":\"\",\"mail_inbox\":\"\",\"mail_to\":\"\",\"upload_maxsize\":\"3048\",\"upload_types\":\"zip|rar|mp3|mp4|jpg|jpeg|png|gif|bmp\",\"watermark_enable\":\"0\",\"watermark_name\":\"mark.png\",\"watermark_position\":\"9\",\"watermark_touming\":\"100\",\"upload_mode\":\"local\",\"ftp_path\":\"\\/uploads\\/\",\"ftp_host\":\"45.32.214.79\",\"ftp_port\":\"21\",\"ftp_user\":\"ftp_com\",\"ftp_pwd\":\"sJ65wTnhmYPe2k5A\",\"ftp_url\":\"http:\\/\\/222.com\",\"dosubmit\":\"1\"}', '127.0.0.1', 'Mozilla/5.0 (Windows NT 10.0; Win64; x64) AppleWebKit/537.36 (KHTML, like Gecko) Chrome/79.0.3945.117 Safari/537.36 Edg/79.0.309.63', 1578725910);
INSERT INTO `hui_admin_log` VALUES (41, 1, 'admin', '/admin.php/general.config/save.html', '常规管理', '{\"site_name\":\"HuiCmf - \\u6f14\\u793a\\u7ad93\",\"site_url\":\"http:\\/\\/test2.com\\/\",\"site_keyword\":\"huicmf\",\"site_copyright\":\"Powered By HuiCMF\\u5185\\u5bb9\\u7ba1\\u7406\\u7cfb\\u7edf \\u00a9 2018-2020 \\u5c0f\\u7070\\u7070\\u5de5\\u4f5c\\u5ba4\",\"site_beian\":\"\\u4eacICP\\u5907666666\\u53f7\",\"site_code\":\"\",\"admin_prohibit_ip\":\"\",\"admin_log\":\"0\",\"login_code\":\"0\",\"mail_server\":\"smtp.exmail.qq.com\",\"mail_port\":\"465\",\"mail_from\":\"\",\"mail_user\":\"\",\"mail_pass\":\"\",\"mail_inbox\":\"\",\"mail_to\":\"\",\"upload_maxsize\":\"3048\",\"upload_types\":\"zip|rar|mp3|mp4|jpg|jpeg|png|gif|bmp\",\"watermark_enable\":\"0\",\"watermark_name\":\"mark.png\",\"watermark_position\":\"9\",\"watermark_touming\":\"100\",\"upload_mode\":\"local\",\"ftp_path\":\"\\/uploads\\/\",\"ftp_host\":\"45.32.214.79\",\"ftp_port\":\"21\",\"ftp_user\":\"ftp_com\",\"ftp_pwd\":\"sJ65wTnhmYPe2k5A\",\"ftp_url\":\"http:\\/\\/222.com\",\"dosubmit\":\"1\"}', '127.0.0.1', 'Mozilla/5.0 (Windows NT 10.0; Win64; x64) AppleWebKit/537.36 (KHTML, like Gecko) Chrome/79.0.3945.117 Safari/537.36 Edg/79.0.309.63', 1578725915);
INSERT INTO `hui_admin_log` VALUES (42, 1, 'admin', '/admin.php/general.config/save.html', '常规管理', '{\"site_name\":\"HuiCmf - \\u6f14\\u793a\\u7ad93\",\"site_url\":\"http:\\/\\/test2.com\\/\",\"site_keyword\":\"huicmf\",\"site_copyright\":\"Powered By HuiCMF\\u5185\\u5bb9\\u7ba1\\u7406\\u7cfb\\u7edf \\u00a9 2018-2020 \\u5c0f\\u7070\\u7070\\u5de5\\u4f5c\\u5ba4\",\"site_beian\":\"\\u4eacICP\\u5907666666\\u53f7\",\"site_code\":\"\",\"admin_prohibit_ip\":\"\",\"admin_log\":\"0\",\"login_code\":\"0\",\"mail_server\":\"smtp.exmail.qq.com\",\"mail_port\":\"465\",\"mail_from\":\"\",\"mail_user\":\"\",\"mail_pass\":\"\",\"mail_inbox\":\"\",\"mail_to\":\"\",\"upload_maxsize\":\"3048\",\"upload_types\":\"zip|rar|mp3|mp4|jpg|jpeg|png|gif|bmp\",\"watermark_enable\":\"0\",\"watermark_name\":\"mark.png\",\"watermark_position\":\"9\",\"watermark_touming\":\"100\",\"upload_mode\":\"local\",\"ftp_path\":\"\\/uploads\\/\",\"ftp_host\":\"45.32.214.79\",\"ftp_port\":\"21\",\"ftp_user\":\"ftp_com\",\"ftp_pwd\":\"sJ65wTnhmYPe2k5A\",\"ftp_url\":\"http:\\/\\/222.com\",\"dosubmit\":\"1\"}', '127.0.0.1', 'Mozilla/5.0 (Windows NT 10.0; Win64; x64) AppleWebKit/537.36 (KHTML, like Gecko) Chrome/79.0.3945.117 Safari/537.36 Edg/79.0.309.63', 1578725924);
INSERT INTO `hui_admin_log` VALUES (43, 1, 'admin', '/admin.php/general.config/save.html', '常规管理', '{\"site_name\":\"HuiCmf - \\u6f14\\u793a\\u7ad93\",\"site_url\":\"http:\\/\\/test2.com\\/\",\"site_keyword\":\"huicmf\",\"site_copyright\":\"Powered By HuiCMF\\u5185\\u5bb9\\u7ba1\\u7406\\u7cfb\\u7edf \\u00a9 2018-2020 \\u5c0f\\u7070\\u7070\\u5de5\\u4f5c\\u5ba4\",\"site_beian\":\"\\u4eacICP\\u5907666666\\u53f7\",\"site_code\":\"\",\"admin_prohibit_ip\":\"\",\"admin_log\":\"0\",\"login_code\":\"0\",\"mail_server\":\"smtp.exmail.qq.com\",\"mail_port\":\"465\",\"mail_from\":\"rizhi@mail.zzbdnk120.com\",\"mail_user\":\"rizhi@mail.zzbdnk120.com\",\"mail_pass\":\"Bodayiyuan2020\",\"mail_inbox\":\"rizhi@mail.zzbdnk120.com\",\"mail_to\":\"762229008@qq.com\",\"upload_maxsize\":\"3048\",\"upload_types\":\"zip|rar|mp3|mp4|jpg|jpeg|png|gif|bmp\",\"watermark_enable\":\"0\",\"watermark_name\":\"mark.png\",\"watermark_position\":\"9\",\"watermark_touming\":\"100\",\"upload_mode\":\"local\",\"ftp_path\":\"\\/uploads\\/\",\"ftp_host\":\"45.32.214.79\",\"ftp_port\":\"21\",\"ftp_user\":\"ftp_com\",\"ftp_pwd\":\"sJ65wTnhmYPe2k5A\",\"ftp_url\":\"http:\\/\\/222.com\",\"dosubmit\":\"1\"}', '127.0.0.1', 'Mozilla/5.0 (Windows NT 10.0; Win64; x64) AppleWebKit/537.36 (KHTML, like Gecko) Chrome/79.0.3945.117 Safari/537.36 Edg/79.0.309.63', 1578726034);
INSERT INTO `hui_admin_log` VALUES (44, 1, 'admin', '/admin.php/general.config/public_mail_test.html', '常规管理', '{\"mail_to\":\"762229008@qq.com\"}', '127.0.0.1', 'Mozilla/5.0 (Windows NT 10.0; Win64; x64) AppleWebKit/537.36 (KHTML, like Gecko) Chrome/79.0.3945.117 Safari/537.36 Edg/79.0.309.63', 1578726551);
INSERT INTO `hui_admin_log` VALUES (45, 1, 'admin', '/admin.php/general.config/public_mail_test.html', '常规管理', '{\"mail_to\":\"762229008@qq.com\"}', '127.0.0.1', 'Mozilla/5.0 (Windows NT 10.0; Win64; x64) AppleWebKit/537.36 (KHTML, like Gecko) Chrome/79.0.3945.117 Safari/537.36 Edg/79.0.309.63', 1578726598);
INSERT INTO `hui_admin_log` VALUES (46, 1, 'admin', '/admin.php/general.config/save.html', '常规管理', '{\"site_name\":\"HuiCmf - \\u6f14\\u793a\\u7ad93\",\"site_url\":\"http:\\/\\/test2.com\\/\",\"site_keyword\":\"huicmf\",\"site_copyright\":\"Powered By HuiCMF\\u5185\\u5bb9\\u7ba1\\u7406\\u7cfb\\u7edf \\u00a9 2018-2020 \\u5c0f\\u7070\\u7070\\u5de5\\u4f5c\\u5ba4\",\"site_beian\":\"\\u4eacICP\\u5907666666\\u53f7\",\"site_code\":\"\",\"admin_prohibit_ip\":\"\",\"admin_log\":\"0\",\"login_code\":\"0\",\"mail_server\":\"smtp.exmail.qq.com\",\"mail_port\":\"465\",\"mail_from\":\"rizhi@mail.zzbdnk120.com\",\"mail_user\":\"rizhi@mail.zzbdnk120.com\",\"mail_pass\":\"Bodayiyuan20201\",\"mail_inbox\":\"rizhi@mail.zzbdnk120.com\",\"mail_to\":\"762229008@qq.com\",\"upload_maxsize\":\"3048\",\"upload_types\":\"zip|rar|mp3|mp4|jpg|jpeg|png|gif|bmp\",\"watermark_enable\":\"0\",\"watermark_name\":\"mark.png\",\"watermark_position\":\"9\",\"watermark_touming\":\"100\",\"upload_mode\":\"local\",\"ftp_path\":\"\\/uploads\\/\",\"ftp_host\":\"45.32.214.79\",\"ftp_port\":\"21\",\"ftp_user\":\"ftp_com\",\"ftp_pwd\":\"sJ65wTnhmYPe2k5A\",\"ftp_url\":\"http:\\/\\/222.com\",\"dosubmit\":\"1\"}', '127.0.0.1', 'Mozilla/5.0 (Windows NT 10.0; Win64; x64) AppleWebKit/537.36 (KHTML, like Gecko) Chrome/79.0.3945.117 Safari/537.36 Edg/79.0.309.63', 1578726606);
INSERT INTO `hui_admin_log` VALUES (47, 1, 'admin', '/admin.php/general.config/public_mail_test.html', '常规管理', '{\"mail_to\":\"762229008@qq.com\"}', '127.0.0.1', 'Mozilla/5.0 (Windows NT 10.0; Win64; x64) AppleWebKit/537.36 (KHTML, like Gecko) Chrome/79.0.3945.117 Safari/537.36 Edg/79.0.309.63', 1578726609);
INSERT INTO `hui_admin_log` VALUES (48, 1, 'admin', '/admin.php/auth.rule/rule_add.html', '权限管理 添加菜单规则', '{\"ismenu\":\"0\",\"pid\":\"27\",\"title\":\"\\u4fdd\\u5b58\\u8bbe\\u7f6e\",\"name\":\"general.config\\/save\",\"icon\":\"icon-round_text_fill\",\"condition\":\"\",\"status\":\"normal\",\"weigh\":\"0\",\"dosubmit\":\"1\"}', '127.0.0.1', 'Mozilla/5.0 (Windows NT 10.0; Win64; x64) AppleWebKit/537.36 (KHTML, like Gecko) Chrome/79.0.3945.117 Safari/537.36 Edg/79.0.309.63', 1578726698);
INSERT INTO `hui_admin_log` VALUES (49, 1, 'admin', '/admin.php/general.config/save.html', '常规管理 保存设置', '{\"site_name\":\"HuiCmf - \\u6f14\\u793a\\u7ad93\",\"site_url\":\"http:\\/\\/test2.com\\/\",\"site_keyword\":\"huicmf\",\"site_copyright\":\"Powered By HuiCMF\\u5185\\u5bb9\\u7ba1\\u7406\\u7cfb\\u7edf \\u00a9 2018-2020 \\u5c0f\\u7070\\u7070\\u5de5\\u4f5c\\u5ba4\",\"site_beian\":\"\\u4eacICP\\u5907666666\\u53f7\",\"site_code\":\"\",\"admin_prohibit_ip\":\"\",\"admin_log\":\"0\",\"login_code\":\"0\",\"mail_server\":\"smtp.exmail.qq.com\",\"mail_port\":\"465\",\"mail_from\":\"rizhi@mail.zzbdnk120.com\",\"mail_user\":\"rizhi@mail.zzbdnk120.com\",\"mail_pass\":\"Bodayiyuan20201\",\"mail_inbox\":\"rizhi@mail.zzbdnk120.com\",\"mail_to\":\"\",\"upload_maxsize\":\"3048\",\"upload_types\":\"zip|rar|mp3|mp4|jpg|jpeg|png|gif|bmp\",\"watermark_enable\":\"0\",\"watermark_name\":\"mark.png\",\"watermark_position\":\"9\",\"watermark_touming\":\"100\",\"upload_mode\":\"local\",\"ftp_path\":\"\\/uploads\\/\",\"ftp_host\":\"45.32.214.79\",\"ftp_port\":\"21\",\"ftp_user\":\"ftp_com\",\"ftp_pwd\":\"sJ65wTnhmYPe2k5A\",\"ftp_url\":\"http:\\/\\/222.com\",\"dosubmit\":\"1\"}', '127.0.0.1', 'Mozilla/5.0 (Windows NT 10.0; Win64; x64) AppleWebKit/537.36 (KHTML, like Gecko) Chrome/79.0.3945.117 Safari/537.36 Edg/79.0.309.63', 1578726705);
INSERT INTO `hui_admin_log` VALUES (50, 1, 'admin', '/admin.php/auth.rule/rule_add.html', '权限管理 添加菜单规则', '{\"ismenu\":\"0\",\"pid\":\"27\",\"title\":\"\\u53d1\\u9001\\u6d4b\\u8bd5\\u90ae\\u4ef6\",\"name\":\"general.config\\/public_mail_test\",\"icon\":\"icon-round_text_fill\",\"condition\":\"\",\"status\":\"normal\",\"weigh\":\"4\",\"dosubmit\":\"1\"}', '127.0.0.1', 'Mozilla/5.0 (Windows NT 10.0; Win64; x64) AppleWebKit/537.36 (KHTML, like Gecko) Chrome/79.0.3945.117 Safari/537.36 Edg/79.0.309.63', 1578726728);
INSERT INTO `hui_admin_log` VALUES (51, 1, 'admin', '/admin.php/general.config/save.html', '常规管理 保存设置', '{\"site_name\":\"HuiCmf - \\u6f14\\u793a\\u7ad93\",\"site_url\":\"http:\\/\\/test2.com\\/\",\"site_keyword\":\"huicmf\",\"site_copyright\":\"Powered By HuiCMF\\u5185\\u5bb9\\u7ba1\\u7406\\u7cfb\\u7edf \\u00a9 2018-2020 \\u5c0f\\u7070\\u7070\\u5de5\\u4f5c\\u5ba4\",\"site_beian\":\"\\u4eacICP\\u5907666666\\u53f7\",\"site_code\":\"\",\"admin_prohibit_ip\":\"\",\"admin_log\":\"0\",\"login_code\":\"0\",\"mail_server\":\"smtp.exmail.qq.com\",\"mail_port\":\"465\",\"mail_from\":\"rizhi@mail.zzbdnk120.com\",\"mail_user\":\"rizhi@mail.zzbdnk120.com\",\"mail_pass\":\"Bodayiyuan20201\",\"mail_inbox\":\"rizhi@mail.zzbdnk120.com\",\"mail_to\":\"\",\"upload_maxsize\":\"3048\",\"upload_types\":\"zip|rar|mp3|mp4|jpg|jpeg|png|gif|bmp\",\"watermark_enable\":\"0\",\"watermark_name\":\"mark.png\",\"watermark_position\":\"9\",\"watermark_touming\":\"85\",\"upload_mode\":\"local\",\"ftp_path\":\"\\/uploads\\/\",\"ftp_host\":\"45.32.214.79\",\"ftp_port\":\"21\",\"ftp_user\":\"ftp_com\",\"ftp_pwd\":\"sJ65wTnhmYPe2k5A\",\"ftp_url\":\"http:\\/\\/222.com\",\"dosubmit\":\"1\"}', '127.0.0.1', 'Mozilla/5.0 (Windows NT 10.0; Win64; x64) AppleWebKit/537.36 (KHTML, like Gecko) Chrome/79.0.3945.117 Safari/537.36 Edg/79.0.309.63', 1578726796);
INSERT INTO `hui_admin_log` VALUES (52, 1, 'admin', '/admin.php/general.config/save.html', '常规管理 保存设置', '{\"site_name\":\"HuiCmf - \\u6f14\\u793a\\u7ad93\",\"site_url\":\"http:\\/\\/test2.com\\/\",\"site_keyword\":\"huicmf\",\"site_copyright\":\"Powered By HuiCMF\\u5185\\u5bb9\\u7ba1\\u7406\\u7cfb\\u7edf \\u00a9 2018-2020 \\u5c0f\\u7070\\u7070\\u5de5\\u4f5c\\u5ba4\",\"site_beian\":\"\\u4eacICP\\u5907666666\\u53f7\",\"site_code\":\"\",\"admin_prohibit_ip\":\"\",\"admin_log\":\"1\",\"login_code\":\"0\",\"mail_server\":\"smtp.exmail.qq.com\",\"mail_port\":\"465\",\"mail_from\":\"rizhi@mail.zzbdnk120.com\",\"mail_user\":\"rizhi@mail.zzbdnk120.com\",\"mail_pass\":\"Bodayiyuan20201\",\"mail_inbox\":\"rizhi@mail.zzbdnk120.com\",\"mail_to\":\"\",\"upload_maxsize\":\"3048\",\"upload_types\":\"zip|rar|mp3|mp4|jpg|jpeg|png|gif|bmp\",\"watermark_enable\":\"0\",\"watermark_name\":\"mark.png\",\"watermark_position\":\"9\",\"watermark_touming\":\"85\",\"upload_mode\":\"local\",\"ftp_path\":\"\\/uploads\\/\",\"ftp_host\":\"45.32.214.79\",\"ftp_port\":\"21\",\"ftp_user\":\"ftp_com\",\"ftp_pwd\":\"sJ65wTnhmYPe2k5A\",\"ftp_url\":\"http:\\/\\/222.com\",\"dosubmit\":\"1\"}', '127.0.0.1', 'Mozilla/5.0 (Windows NT 10.0; Win64; x64) AppleWebKit/537.36 (KHTML, like Gecko) Chrome/79.0.3945.117 Safari/537.36 Edg/79.0.309.63', 1578726890);
INSERT INTO `hui_admin_log` VALUES (53, 1, 'admin', '/admin.php/general.config/save.html', '常规管理 保存设置', '{\"site_name\":\"HuiCmf - \\u6f14\\u793a\\u7ad93\",\"site_url\":\"http:\\/\\/test2.com\\/\",\"site_keyword\":\"huicmf\",\"site_copyright\":\"Powered By HuiCMF\\u5185\\u5bb9\\u7ba1\\u7406\\u7cfb\\u7edf \\u00a9 2018-2020 \\u5c0f\\u7070\\u7070\\u5de5\\u4f5c\\u5ba4\",\"site_beian\":\"\\u4eacICP\\u5907666666\\u53f7\",\"site_code\":\"\",\"admin_prohibit_ip\":\"\",\"admin_log\":\"1\",\"login_code\":\"0\",\"mail_server\":\"smtp.exmail.qq.com\",\"mail_port\":\"465\",\"mail_from\":\"rizhi@mail.zzbdnk120.com\",\"mail_user\":\"rizhi@mail.zzbdnk120.com\",\"mail_pass\":\"Bodayiyuan20201\",\"mail_inbox\":\"rizhi@mail.zzbdnk120.com\",\"mail_to\":\"\",\"upload_maxsize\":\"3048\",\"upload_types\":\"zip|rar|mp3|mp4|jpg|jpeg|png|gif|bmp\",\"watermark_enable\":\"0\",\"watermark_name\":\"mark.png\",\"watermark_position\":\"9\",\"watermark_touming\":\"85\",\"upload_mode\":\"local\",\"ftp_path\":\"\\/uploads\\/\",\"ftp_host\":\"45.32.214.79\",\"ftp_port\":\"21\",\"ftp_user\":\"ftp_com\",\"ftp_pwd\":\"sJ65wTnhmYPe2k5A\",\"ftp_url\":\"http:\\/\\/222.com\",\"dosubmit\":\"1\"}', '127.0.0.1', 'Mozilla/5.0 (Windows NT 10.0; Win64; x64) AppleWebKit/537.36 (KHTML, like Gecko) Chrome/79.0.3945.117 Safari/537.36 Edg/79.0.309.63', 1578726902);
INSERT INTO `hui_admin_log` VALUES (54, 1, 'admin', '/admin.php/login/index.html', '登录', '{\"username\":\"admin\",\"dosubmit\":\"1\"}', '127.0.0.1', 'Mozilla/5.0 (Windows NT 10.0; Win64; x64) AppleWebKit/537.36 (KHTML, like Gecko) Chrome/79.0.3945.117 Safari/537.36 Edg/79.0.309.63', 1578728036);
INSERT INTO `hui_admin_log` VALUES (55, 1, 'admin', '/admin.php/general.database/restore.html', '常规管理 数据库还原', '{\"file\":\"backup-20200111154403.zip\"}', '127.0.0.1', 'Mozilla/5.0 (Windows NT 10.0; Win64; x64) AppleWebKit/537.36 (KHTML, like Gecko) Chrome/79.0.3945.117 Safari/537.36 Edg/79.0.309.63', 1578728799);
INSERT INTO `hui_admin_log` VALUES (56, 1, 'admin', '/admin.php/general.database/restore.html', '常规管理 数据库还原', '{\"file\":\"backup-20200111154657.zip\"}', '127.0.0.1', 'Mozilla/5.0 (Windows NT 10.0; Win64; x64) AppleWebKit/537.36 (KHTML, like Gecko) Chrome/79.0.3945.117 Safari/537.36 Edg/79.0.309.63', 1578728868);
INSERT INTO `hui_admin_log` VALUES (57, 1, 'admin', '/admin.php/general.config/save.html', '常规管理 保存设置', '{\"site_name\":\"HuiCmf - \\u6f14\\u793a\\u7ad93\",\"site_url\":\"http:\\/\\/test2.com\\/\",\"site_keyword\":\"huicmf\",\"site_copyright\":\"Powered By HuiCMF\\u5185\\u5bb9\\u7ba1\\u7406\\u7cfb\\u7edf \\u00a9 2018-2020 \\u5c0f\\u7070\\u7070\\u5de5\\u4f5c\\u5ba4\",\"site_beian\":\"\\u4eacICP\\u5907666666\\u53f7\",\"site_code\":\"\",\"admin_prohibit_ip\":\"127.0.0.1\",\"admin_log\":\"1\",\"login_code\":\"0\",\"mail_server\":\"smtp.exmail.qq.com\",\"mail_port\":\"465\",\"mail_from\":\"rizhi@mail.zzbdnk120.com\",\"mail_user\":\"rizhi@mail.zzbdnk120.com\",\"mail_pass\":\"Bodayiyuan20201\",\"mail_inbox\":\"rizhi@mail.zzbdnk120.com\",\"mail_to\":\"\",\"upload_maxsize\":\"3048\",\"upload_types\":\"zip|rar|mp3|mp4|jpg|jpeg|png|gif|bmp\",\"watermark_enable\":\"0\",\"watermark_name\":\"mark.png\",\"watermark_position\":\"9\",\"watermark_touming\":\"85\",\"upload_mode\":\"local\",\"ftp_path\":\"\\/uploads\\/\",\"ftp_host\":\"45.32.214.79\",\"ftp_port\":\"21\",\"ftp_user\":\"ftp_com\",\"ftp_pwd\":\"sJ65wTnhmYPe2k5A\",\"ftp_url\":\"http:\\/\\/222.com\",\"dosubmit\":\"1\"}', '127.0.0.1', 'Mozilla/5.0 (Windows NT 10.0; Win64; x64) AppleWebKit/537.36 (KHTML, like Gecko) Chrome/79.0.3945.117 Safari/537.36 Edg/79.0.309.63', 1578729053);
INSERT INTO `hui_admin_log` VALUES (58, 1, 'admin', '/admin.php/general.config/save.html', '常规管理 保存设置', '{\"site_name\":\"HuiCmf - \\u6f14\\u793a\\u7ad93\",\"site_url\":\"http:\\/\\/test2.com\\/\",\"site_keyword\":\"huicmf\",\"site_copyright\":\"Powered By HuiCMF\\u5185\\u5bb9\\u7ba1\\u7406\\u7cfb\\u7edf \\u00a9 2018-2020 \\u5c0f\\u7070\\u7070\\u5de5\\u4f5c\\u5ba4\",\"site_beian\":\"\\u4eacICP\\u5907666666\\u53f7\",\"site_code\":\"\",\"admin_prohibit_ip\":\"127.0.0.1\",\"admin_log\":\"1\",\"login_code\":\"0\",\"mail_server\":\"smtp.exmail.qq.com\",\"mail_port\":\"465\",\"mail_from\":\"rizhi@mail.zzbdnk120.com\",\"mail_user\":\"rizhi@mail.zzbdnk120.com\",\"mail_pass\":\"Bodayiyuan20201\",\"mail_inbox\":\"rizhi@mail.zzbdnk120.com\",\"mail_to\":\"\",\"upload_maxsize\":\"3048\",\"upload_types\":\"zip|rar|mp3|mp4|jpg|jpeg|png|gif|bmp\",\"watermark_enable\":\"0\",\"watermark_name\":\"mark.png\",\"watermark_position\":\"9\",\"watermark_touming\":\"85\",\"upload_mode\":\"local\",\"ftp_path\":\"\\/uploads\\/\",\"ftp_host\":\"45.32.214.79\",\"ftp_port\":\"21\",\"ftp_user\":\"ftp_com\",\"ftp_pwd\":\"sJ65wTnhmYPe2k5A\",\"ftp_url\":\"http:\\/\\/222.com\",\"dosubmit\":\"1\"}', '127.0.0.1', 'Mozilla/5.0 (Windows NT 10.0; Win64; x64) AppleWebKit/537.36 (KHTML, like Gecko) Chrome/79.0.3945.117 Safari/537.36 Edg/79.0.309.63', 1578729179);
INSERT INTO `hui_admin_log` VALUES (59, 1, 'admin', '/admin.php/general.config/save.html', '常规管理 保存设置', '{\"site_name\":\"HuiCmf - \\u6f14\\u793a\\u7ad93\",\"site_url\":\"http:\\/\\/test2.com\\/\",\"site_keyword\":\"huicmf\",\"site_copyright\":\"Powered By HuiCMF\\u5185\\u5bb9\\u7ba1\\u7406\\u7cfb\\u7edf \\u00a9 2018-2020 \\u5c0f\\u7070\\u7070\\u5de5\\u4f5c\\u5ba4\",\"site_beian\":\"\\u4eacICP\\u5907666666\\u53f7\",\"site_code\":\"\",\"admin_prohibit_ip\":\"127.0.0.1,192.168.1.1\",\"admin_log\":\"1\",\"login_code\":\"0\",\"mail_server\":\"smtp.exmail.qq.com\",\"mail_port\":\"465\",\"mail_from\":\"rizhi@mail.zzbdnk120.com\",\"mail_user\":\"rizhi@mail.zzbdnk120.com\",\"mail_pass\":\"Bodayiyuan20201\",\"mail_inbox\":\"rizhi@mail.zzbdnk120.com\",\"mail_to\":\"\",\"upload_maxsize\":\"3048\",\"upload_types\":\"zip|rar|mp3|mp4|jpg|jpeg|png|gif|bmp\",\"watermark_enable\":\"0\",\"watermark_name\":\"mark.png\",\"watermark_position\":\"9\",\"watermark_touming\":\"85\",\"upload_mode\":\"local\",\"ftp_path\":\"\\/uploads\\/\",\"ftp_host\":\"45.32.214.79\",\"ftp_port\":\"21\",\"ftp_user\":\"ftp_com\",\"ftp_pwd\":\"sJ65wTnhmYPe2k5A\",\"ftp_url\":\"http:\\/\\/222.com\",\"dosubmit\":\"1\"}', '127.0.0.1', 'Mozilla/5.0 (Windows NT 10.0; Win64; x64) AppleWebKit/537.36 (KHTML, like Gecko) Chrome/79.0.3945.117 Safari/537.36 Edg/79.0.309.63', 1578729246);
INSERT INTO `hui_admin_log` VALUES (60, 1, 'admin', '/admin.php/general.config/save.html', '常规管理 保存设置', '{\"site_name\":\"HuiCmf - \\u6f14\\u793a\\u7ad93\",\"site_url\":\"http:\\/\\/test2.com\\/\",\"site_keyword\":\"huicmf\",\"site_copyright\":\"Powered By HuiCMF\\u5185\\u5bb9\\u7ba1\\u7406\\u7cfb\\u7edf \\u00a9 2018-2020 \\u5c0f\\u7070\\u7070\\u5de5\\u4f5c\\u5ba4\",\"site_beian\":\"\\u4eacICP\\u5907666666\\u53f7\",\"site_code\":\"\",\"admin_prohibit_ip\":\"\",\"admin_log\":\"1\",\"login_code\":\"0\",\"mail_server\":\"smtp.exmail.qq.com\",\"mail_port\":\"465\",\"mail_from\":\"rizhi@mail.zzbdnk120.com\",\"mail_user\":\"rizhi@mail.zzbdnk120.com\",\"mail_pass\":\"Bodayiyuan20201\",\"mail_inbox\":\"rizhi@mail.zzbdnk120.com\",\"mail_to\":\"\",\"upload_maxsize\":\"3048\",\"upload_types\":\"zip|rar|mp3|mp4|jpg|jpeg|png|gif|bmp\",\"watermark_enable\":\"0\",\"watermark_name\":\"mark.png\",\"watermark_position\":\"9\",\"watermark_touming\":\"86\",\"upload_mode\":\"local\",\"ftp_path\":\"\\/uploads\\/\",\"ftp_host\":\"45.32.214.79\",\"ftp_port\":\"21\",\"ftp_user\":\"ftp_com\",\"ftp_pwd\":\"sJ65wTnhmYPe2k5A\",\"ftp_url\":\"http:\\/\\/222.com\",\"dosubmit\":\"1\"}', '127.0.0.1', 'Mozilla/5.0 (Windows NT 10.0; Win64; x64) AppleWebKit/537.36 (KHTML, like Gecko) Chrome/79.0.3945.117 Safari/537.36 Edg/79.0.309.63', 1578729303);
INSERT INTO `hui_admin_log` VALUES (61, 1, 'admin', '/admin.php/general.config/public_check_ftp.html', '常规管理 测试FTP连接', '{\"ftp_host\":\"45.32.214.79\",\"ftp_port\":\"21\",\"ftp_user\":\"ftp_com\",\"ftp_pwd\":\"sJ65wTnhmYPe2k5A\"}', '127.0.0.1', 'Mozilla/5.0 (Windows NT 10.0; Win64; x64) AppleWebKit/537.36 (KHTML, like Gecko) Chrome/79.0.3945.117 Safari/537.36 Edg/79.0.309.63', 1578729519);
INSERT INTO `hui_admin_log` VALUES (62, 1, 'admin', '/admin.php/general.config/save.html', '常规管理 保存设置', '{\"site_name\":\"HuiCmf - \\u6f14\\u793a\\u7ad93\",\"site_url\":\"http:\\/\\/test2.com\\/\",\"site_keyword\":\"huicmf\",\"site_copyright\":\"Powered By HuiCMF\\u5185\\u5bb9\\u7ba1\\u7406\\u7cfb\\u7edf \\u00a9 2018-2020 \\u5c0f\\u7070\\u7070\\u5de5\\u4f5c\\u5ba4\",\"site_beian\":\"\\u4eacICP\\u5907666666\\u53f7\",\"site_code\":\"\",\"admin_prohibit_ip\":\"\",\"admin_log\":\"1\",\"login_code\":\"0\",\"mail_server\":\"smtp.exmail.qq.com\",\"mail_port\":\"465\",\"mail_user\":\"\",\"mail_pass\":\"\",\"mail_inbox\":\"\",\"mail_to\":\"\",\"upload_maxsize\":\"3048\",\"upload_types\":\"zip|rar|mp3|mp4|jpg|jpeg|png|gif|bmp\",\"watermark_enable\":\"0\",\"watermark_name\":\"mark.png\",\"watermark_position\":\"9\",\"watermark_touming\":\"86\",\"upload_mode\":\"local\",\"ftp_path\":\"\\/uploads\\/\",\"ftp_host\":\"45.32.214.79\",\"ftp_port\":\"21\",\"ftp_user\":\"ftp_com\",\"ftp_pwd\":\"sJ65wTnhmYPe2k5A\",\"ftp_url\":\"http:\\/\\/222.com\",\"dosubmit\":\"1\"}', '127.0.0.1', 'Mozilla/5.0 (Windows NT 10.0; Win64; x64) AppleWebKit/537.36 (KHTML, like Gecko) Chrome/79.0.3945.117 Safari/537.36 Edg/79.0.309.63', 1578729541);
INSERT INTO `hui_admin_log` VALUES (63, 1, 'admin', '/admin.php/general.database/backup.html', '常规管理 数据库备份', '{\"dosubmit\":\"1\"}', '127.0.0.1', 'Mozilla/5.0 (Windows NT 10.0; Win64; x64) AppleWebKit/537.36 (KHTML, like Gecko) Chrome/79.0.3945.117 Safari/537.36 Edg/79.0.309.63', 1578729610);
INSERT INTO `hui_admin_log` VALUES (64, 1, 'admin', '/admin.php/login/index.html', '登录', '{\"username\":\"admin\",\"dosubmit\":\"1\"}', '127.0.0.1', 'Mozilla/5.0 (Windows NT 10.0; Win64; x64) AppleWebKit/537.36 (KHTML, like Gecko) Chrome/79.0.3945.117 Safari/537.36 Edg/79.0.309.63', 1578788235);
INSERT INTO `hui_admin_log` VALUES (65, 2, 'qinhui', '/admin.php/login/index.html', '登录', '{\"username\":\"qinhui\",\"dosubmit\":\"1\"}', '127.0.0.1', 'Mozilla/5.0 (Windows NT 10.0; Win64; x64) AppleWebKit/537.36 (KHTML, like Gecko) Chrome/79.0.3945.117 Safari/537.36 Edg/79.0.309.63', 1578800659);
INSERT INTO `hui_admin_log` VALUES (66, 2, 'qinhui', '/admin.php/login/index.html', '登录', '{\"username\":\"qinhui\",\"dosubmit\":\"1\"}', '127.0.0.1', 'Mozilla/5.0 (Windows NT 10.0; Win64; x64) AppleWebKit/537.36 (KHTML, like Gecko) Chrome/79.0.3945.117 Safari/537.36 Edg/79.0.309.63', 1578800701);
INSERT INTO `hui_admin_log` VALUES (67, 2, 'qinhui', '/admin.php/login/index.html', '登录', '{\"username\":\"qinhui\",\"dosubmit\":\"1\"}', '127.0.0.1', 'Mozilla/5.0 (Windows NT 10.0; Win64; x64) AppleWebKit/537.36 (KHTML, like Gecko) Chrome/79.0.3945.117 Safari/537.36 Edg/79.0.309.63', 1578809549);
INSERT INTO `hui_admin_log` VALUES (78, 1, 'admin', '/admin.php/login/index.html', '登录', '{\"username\":\"admin\",\"dosubmit\":\"1\"}', '127.0.0.1', 'Mozilla/5.0 (Windows NT 10.0; Win64; x64) AppleWebKit/537.36 (KHTML, like Gecko) Chrome/79.0.3945.117 Safari/537.36 Edg/79.0.309.63', 1578875300);
INSERT INTO `hui_admin_log` VALUES (88, 1, 'admin', '/admin.php/general.config/save.html', '常规管理 保存设置', '{\"site_name\":\"HuiCmf - \\u6f14\\u793a\\u7ad93\",\"site_url\":\"http:\\/\\/test2.com\\/\",\"site_keyword\":\"huicmf\",\"site_copyright\":\"Powered By HuiCMF\\u5185\\u5bb9\\u7ba1\\u7406\\u7cfb\\u7edf \\u00a9 2018-2020 \\u5c0f\\u7070\\u7070\\u5de5\\u4f5c\\u5ba4\",\"site_beian\":\"\\u4eacICP\\u5907666666\\u53f7\",\"site_code\":\"\",\"admin_prohibit_ip\":\"\",\"admin_log\":\"1\",\"login_code\":\"0\",\"mail_server\":\"smtp.exmail.qq.com\",\"mail_port\":\"465\",\"mail_user\":\"\",\"mail_pass\":\"\",\"mail_inbox\":\"\",\"mail_to\":\"\",\"upload_maxsize\":\"3048\",\"upload_types\":\"zip|rar|mp3|mp4|jpg|jpeg|png|gif|bmp\",\"watermark_enable\":\"0\",\"watermark_name\":\"mark.png\",\"watermark_position\":\"9\",\"watermark_touming\":\"90\",\"upload_mode\":\"local\",\"ftp_path\":\"\\/uploads\\/\",\"ftp_host\":\"45.32.214.79\",\"ftp_port\":\"21\",\"ftp_user\":\"ftp_com\",\"ftp_pwd\":\"sJ65wTnhmYPe2k5A\",\"ftp_url\":\"http:\\/\\/222.com\",\"dosubmit\":\"1\"}', '127.0.0.1', 'Mozilla/5.0 (Windows NT 10.0; Win64; x64) AppleWebKit/537.36 (KHTML, like Gecko) Chrome/79.0.3945.117 Safari/537.36 Edg/79.0.309.63', 1578876673);
INSERT INTO `hui_admin_log` VALUES (89, 1, 'admin', '/admin.php/general.config/save.html', '常规管理 保存设置', '{\"site_name\":\"HuiCmf - \\u6f14\\u793a\\u7ad93\",\"site_url\":\"http:\\/\\/test2.com\\/\",\"site_keyword\":\"huicmf\",\"site_copyright\":\"Powered By HuiCMF\\u5185\\u5bb9\\u7ba1\\u7406\\u7cfb\\u7edf \\u00a9 2018-2020 \\u5c0f\\u7070\\u7070\\u5de5\\u4f5c\\u5ba4\",\"site_beian\":\"\\u4eacICP\\u5907666666\\u53f7\",\"site_code\":\"\",\"admin_prohibit_ip\":\"\",\"admin_log\":\"1\",\"login_code\":\"0\",\"mail_server\":\"smtp.exmail.qq.com\",\"mail_port\":\"465\",\"mail_user\":\"\",\"mail_pass\":\"\",\"mail_inbox\":\"\",\"mail_to\":\"\",\"upload_maxsize\":\"3048\",\"upload_types\":\"zip|rar|mp3|mp4|jpg|jpeg|png|gif|bmp\",\"watermark_enable\":\"0\",\"watermark_name\":\"mark.png\",\"watermark_position\":\"9\",\"watermark_touming\":\"90\",\"upload_mode\":\"local\",\"ftp_path\":\"\\/uploads\\/\",\"ftp_host\":\"45.32.214.79\",\"ftp_port\":\"21\",\"ftp_user\":\"ftp_com\",\"ftp_pwd\":\"sJ65wTnhmYPe2k5A\",\"ftp_url\":\"http:\\/\\/222.com\",\"dosubmit\":\"1\"}', '127.0.0.1', 'Mozilla/5.0 (Windows NT 10.0; Win64; x64) AppleWebKit/537.36 (KHTML, like Gecko) Chrome/79.0.3945.117 Safari/537.36 Edg/79.0.309.63', 1578876970);
INSERT INTO `hui_admin_log` VALUES (121, 2, 'qinhui', '/admin.php/login/index.html', '登录', '{\"username\":\"qinhui\",\"dosubmit\":\"1\"}', '127.0.0.1', 'Mozilla/5.0 (Windows NT 10.0; Win64; x64) AppleWebKit/537.36 (KHTML, like Gecko) Chrome/79.0.3945.117 Safari/537.36 Edg/79.0.309.63', 1578879048);
INSERT INTO `hui_admin_log` VALUES (122, 1, 'admin', '/admin.php/auth.rule/rule_edit.html', '权限管理', '{\"ismenu\":\"1\",\"pid\":\"25\",\"title\":\"\\u6587\\u4ef6\\u7ba1\\u7406\\u5668\",\"name\":\"file\",\"icon\":\"icon-form_fill_light\",\"condition\":\"\",\"status\":\"normal\",\"weigh\":\"99\",\"id\":\"28\",\"dosubmit\":\"1\"}', '127.0.0.1', 'Mozilla/5.0 (Windows NT 10.0; Win64; x64) AppleWebKit/537.36 (KHTML, like Gecko) Chrome/79.0.3945.117 Safari/537.36 Edg/79.0.309.63', 1578879111);
INSERT INTO `hui_admin_log` VALUES (123, 1, 'admin', '/admin.php/file/edit.html', '文件管理器', '{\"text\":\"VXNlci1hZ2VudDogKgpEaXNhbGxvdzo=\",\"dosubmit\":\"1\",\"filename\":\"E%3A%5Cwwwroot%5C2001hui_tp51_auth%5Cpublic%5Crobots.txt\"}', '127.0.0.1', 'Mozilla/5.0 (Windows NT 10.0; Win64; x64) AppleWebKit/537.36 (KHTML, like Gecko) Chrome/79.0.3945.117 Safari/537.36 Edg/79.0.309.63', 1578879117);
INSERT INTO `hui_admin_log` VALUES (124, 1, 'admin', '/admin.php/auth.rule/rule_add.html', '权限管理 添加菜单规则', '{\"ismenu\":\"0\",\"pid\":\"28\",\"title\":\"\\u7f16\\u8f91\\u6587\\u4ef6\",\"name\":\"file\\/edit\",\"icon\":\"icon-round_text_fill\",\"condition\":\"\",\"status\":\"normal\",\"weigh\":\"1\",\"dosubmit\":\"1\"}', '127.0.0.1', 'Mozilla/5.0 (Windows NT 10.0; Win64; x64) AppleWebKit/537.36 (KHTML, like Gecko) Chrome/79.0.3945.117 Safari/537.36 Edg/79.0.309.63', 1578879148);
INSERT INTO `hui_admin_log` VALUES (125, 1, 'admin', '/admin.php/auth.rule/rule_add.html', '权限管理 添加菜单规则', '{\"ismenu\":\"0\",\"pid\":\"28\",\"title\":\"\\u5220\\u9664\\u6587\\u4ef6\",\"name\":\"file\\/del\",\"icon\":\"icon-round_text_fill\",\"condition\":\"\",\"status\":\"normal\",\"weigh\":\"2\",\"dosubmit\":\"1\"}', '127.0.0.1', 'Mozilla/5.0 (Windows NT 10.0; Win64; x64) AppleWebKit/537.36 (KHTML, like Gecko) Chrome/79.0.3945.117 Safari/537.36 Edg/79.0.309.63', 1578879186);
INSERT INTO `hui_admin_log` VALUES (126, 1, 'admin', '/admin.php/auth.rule/rule_add.html', '权限管理 添加菜单规则', '{\"ismenu\":\"0\",\"pid\":\"28\",\"title\":\"\\u4e0b\\u8f7d\\u6587\\u4ef6\",\"name\":\"file\\/down\",\"icon\":\"icon-round_text_fill\",\"condition\":\"\",\"status\":\"normal\",\"weigh\":\"3\",\"dosubmit\":\"1\"}', '127.0.0.1', 'Mozilla/5.0 (Windows NT 10.0; Win64; x64) AppleWebKit/537.36 (KHTML, like Gecko) Chrome/79.0.3945.117 Safari/537.36 Edg/79.0.309.63', 1578879207);
INSERT INTO `hui_admin_log` VALUES (127, 1, 'admin', '/admin.php/file/down.html', '文件管理器 下载文件', '{\"file\":\"E%3A%5Cwwwroot%5C2001hui_tp51_auth%5Cpublic%5C1055tp5_test2.sql\"}', '127.0.0.1', 'Mozilla/5.0 (Windows NT 10.0; Win64; x64) AppleWebKit/537.36 (KHTML, like Gecko) Chrome/79.0.3945.117 Safari/537.36 Edg/79.0.309.63', 1578879217);
INSERT INTO `hui_admin_log` VALUES (128, 1, 'admin', '/admin.php/file/edit.html', '文件管理器 编辑文件', '{\"text\":\"VXNlci1hZ2VudDogKgpEaXNhbGxvdzo=\",\"dosubmit\":\"1\",\"filename\":\"E%3A%5Cwwwroot%5C2001hui_tp51_auth%5Cpublic%5Crobots.txt\"}', '127.0.0.1', 'Mozilla/5.0 (Windows NT 10.0; Win64; x64) AppleWebKit/537.36 (KHTML, like Gecko) Chrome/79.0.3945.117 Safari/537.36 Edg/79.0.309.63', 1578879232);
INSERT INTO `hui_admin_log` VALUES (129, 1, 'admin', '/admin.php/file/del.html', '文件管理器 删除文件', '{\"data\":\"E%3A%5Cwwwroot%5C2001hui_tp51_auth%5Cpublic%5Crobots+-+%E5%89%AF%E6%9C%AC.txt\"}', '127.0.0.1', 'Mozilla/5.0 (Windows NT 10.0; Win64; x64) AppleWebKit/537.36 (KHTML, like Gecko) Chrome/79.0.3945.117 Safari/537.36 Edg/79.0.309.63', 1578879248);
INSERT INTO `hui_admin_log` VALUES (130, 1, 'admin', '/admin.php/file/del.html', '文件管理器 删除文件', '{\"data\":\"E%3A%5Cwwwroot%5C2001hui_tp51_auth%5Cpublic%5Cdatabak%5Cbackup-20200105095048\"}', '127.0.0.1', 'Mozilla/5.0 (Windows NT 10.0; Win64; x64) AppleWebKit/537.36 (KHTML, like Gecko) Chrome/79.0.3945.117 Safari/537.36 Edg/79.0.309.63', 1578880075);
INSERT INTO `hui_admin_log` VALUES (131, 1, 'admin', '/admin.php/file/edit.html', '文件管理器 编辑文件', '{\"dosubmit\":\"1\",\"filename\":\"E%3A%5Cwwwroot%5C2001hui_tp51_auth%5Capplication%5Cindex%5Ccontroller%5CIndex.php\"}', '127.0.0.1', 'Mozilla/5.0 (Windows NT 10.0; Win64; x64) AppleWebKit/537.36 (KHTML, like Gecko) Chrome/79.0.3945.117 Safari/537.36 Edg/79.0.309.63', 1578883240);
INSERT INTO `hui_admin_log` VALUES (132, 1, 'admin', '/admin.php/file/edit.html', '文件管理器 编辑文件', '{\"dosubmit\":\"1\",\"filename\":\"E%3A%5Cwwwroot%5C2001hui_tp51_auth%5Capplication%5Cindex%5Ccontroller%5CIndex.php\"}', '127.0.0.1', 'Mozilla/5.0 (Windows NT 10.0; Win64; x64) AppleWebKit/537.36 (KHTML, like Gecko) Chrome/79.0.3945.117 Safari/537.36 Edg/79.0.309.63', 1578883452);
INSERT INTO `hui_admin_log` VALUES (133, 1, 'admin', '/admin.php/file/edit.html', '文件管理器 编辑文件', '{\"dosubmit\":\"1\",\"filename\":\"E%3A%5Cwwwroot%5C2001hui_tp51_auth%5Capplication%5Cindex%5Ccontroller%5CIndex.php\"}', '127.0.0.1', 'Mozilla/5.0 (Windows NT 10.0; Win64; x64) AppleWebKit/537.36 (KHTML, like Gecko) Chrome/79.0.3945.117 Safari/537.36 Edg/79.0.309.63', 1578883523);
INSERT INTO `hui_admin_log` VALUES (134, 1, 'admin', '/admin.php/file/edit.html', '文件管理器 编辑文件', '{\"dosubmit\":\"1\",\"filename\":\"E%3A%5Cwwwroot%5C2001hui_tp51_auth%5Capplication%5Cindex%5Ccontroller%5CIndex.php\"}', '127.0.0.1', 'Mozilla/5.0 (Windows NT 10.0; Win64; x64) AppleWebKit/537.36 (KHTML, like Gecko) Chrome/79.0.3945.117 Safari/537.36 Edg/79.0.309.63', 1578884281);
INSERT INTO `hui_admin_log` VALUES (135, 1, 'admin', '/admin.php/file/edit.html', '文件管理器 编辑文件', '{\"dosubmit\":\"1\",\"filename\":\"E%3A%5Cwwwroot%5C2001hui_tp51_auth%5Capplication%5Cindex%5Ccontroller%5CIndex.php\"}', '127.0.0.1', 'Mozilla/5.0 (Windows NT 10.0; Win64; x64) AppleWebKit/537.36 (KHTML, like Gecko) Chrome/79.0.3945.117 Safari/537.36 Edg/79.0.309.63', 1578884687);
INSERT INTO `hui_admin_log` VALUES (136, 1, 'admin', '/admin.php/file/edit.html', '文件管理器 编辑文件', '{\"dosubmit\":\"1\",\"filename\":\"E%3A%5Cwwwroot%5C2001hui_tp51_auth%5Capplication%5Cindex%5Ccontroller%5CIndex.php\"}', '127.0.0.1', 'Mozilla/5.0 (Windows NT 10.0; Win64; x64) AppleWebKit/537.36 (KHTML, like Gecko) Chrome/79.0.3945.117 Safari/537.36 Edg/79.0.309.63', 1578885900);
INSERT INTO `hui_admin_log` VALUES (137, 1, 'admin', '/admin.php/auth.rule/rule_edit.html', '权限管理 修改菜单规则', '{\"ismenu\":\"1\",\"pid\":\"25\",\"title\":\"\\u6587\\u4ef6\\u7ba1\\u7406\\u5668\",\"name\":\"file\\/index\",\"icon\":\"icon-form_fill_light\",\"condition\":\"\",\"status\":\"normal\",\"weigh\":\"99\",\"id\":\"28\",\"dosubmit\":\"1\"}', '127.0.0.1', 'Mozilla/5.0 (Windows NT 10.0; Win64; x64) AppleWebKit/537.36 (KHTML, like Gecko) Chrome/79.0.3945.117 Safari/537.36 Edg/79.0.309.63', 1578886060);
INSERT INTO `hui_admin_log` VALUES (138, 1, 'admin', '/admin.php/login/index.html', '登录', '{\"username\":\"admin\",\"dosubmit\":\"1\"}', '127.0.0.1', 'Mozilla/5.0 (Windows NT 10.0; Win64; x64) AppleWebKit/537.36 (KHTML, like Gecko) Chrome/79.0.3945.117 Safari/537.36 Edg/79.0.309.63', 1578912407);
INSERT INTO `hui_admin_log` VALUES (139, 1, 'admin', '/admin.php/file/edit.html', '编辑文件', '{\"dosubmit\":\"1\",\"text\":\"CiAgICAgICAgICAgICAgICAKICAgICAgICAgICAg\",\"filename\":\"E:\\\\wwwroot\\\\2001hui_tp51_auth\\\\public\\\\index.php\"}', '127.0.0.1', 'Mozilla/5.0 (Windows NT 10.0; Win64; x64) AppleWebKit/537.36 (KHTML, like Gecko) Chrome/79.0.3945.117 Safari/537.36 Edg/79.0.309.63', 1578913088);
INSERT INTO `hui_admin_log` VALUES (140, 1, 'admin', '/admin.php/file/edit.html', '编辑文件', '{\"dosubmit\":\"1\",\"text\":\"MTIz\",\"filename\":\"E:\\\\wwwroot\\\\2001hui_tp51_auth\\\\public\\\\index.php\"}', '127.0.0.1', 'Mozilla/5.0 (Windows NT 10.0; Win64; x64) AppleWebKit/537.36 (KHTML, like Gecko) Chrome/79.0.3945.117 Safari/537.36 Edg/79.0.309.63', 1578913097);
INSERT INTO `hui_admin_log` VALUES (141, 1, 'admin', '/admin.php/file/edit.html', '编辑文件', '{\"dosubmit\":\"1\",\"text\":\"MTI=\",\"filename\":\"E:\\\\wwwroot\\\\2001hui_tp51_auth\\\\public\\\\index.php\"}', '127.0.0.1', 'Mozilla/5.0 (Windows NT 10.0; Win64; x64) AppleWebKit/537.36 (KHTML, like Gecko) Chrome/79.0.3945.117 Safari/537.36 Edg/79.0.309.63', 1578913137);
INSERT INTO `hui_admin_log` VALUES (142, 1, 'admin', '/admin.php/file/edit.html', '编辑文件', '{\"dosubmit\":\"1\",\"text\":\"PD9waHAKCiAgICAgICAgICAgIA==\",\"filename\":\"E:\\\\wwwroot\\\\2001hui_tp51_auth\\\\public\\\\index.php\"}', '127.0.0.1', 'Mozilla/5.0 (Windows NT 10.0; Win64; x64) AppleWebKit/537.36 (KHTML, like Gecko) Chrome/79.0.3945.117 Safari/537.36 Edg/79.0.309.63', 1578913201);
INSERT INTO `hui_admin_log` VALUES (143, 1, 'admin', '/admin.php/file/edit.html', '编辑文件', '{\"dosubmit\":\"1\",\"filename\":\"E:\\\\wwwroot\\\\2001hui_tp51_auth\\\\public\\\\index.php\"}', '127.0.0.1', 'Mozilla/5.0 (Windows NT 10.0; Win64; x64) AppleWebKit/537.36 (KHTML, like Gecko) Chrome/79.0.3945.117 Safari/537.36 Edg/79.0.309.63', 1578913216);
INSERT INTO `hui_admin_log` VALUES (144, 1, 'admin', '/admin.php/file/edit.html', '编辑文件', '{\"dosubmit\":\"1\",\"filename\":\"E:\\\\wwwroot\\\\2001hui_tp51_auth\\\\public\\\\index.php\"}', '127.0.0.1', 'Mozilla/5.0 (Windows NT 10.0; Win64; x64) AppleWebKit/537.36 (KHTML, like Gecko) Chrome/79.0.3945.117 Safari/537.36 Edg/79.0.309.63', 1578913240);
INSERT INTO `hui_admin_log` VALUES (145, 1, 'admin', '/admin.php/file/edit.html', '编辑文件', '{\"dosubmit\":\"1\",\"filename\":\"E:\\\\wwwroot\\\\2001hui_tp51_auth\\\\public\\\\index.php\"}', '127.0.0.1', 'Mozilla/5.0 (Windows NT 10.0; Win64; x64) AppleWebKit/537.36 (KHTML, like Gecko) Chrome/79.0.3945.117 Safari/537.36 Edg/79.0.309.63', 1578913271);
INSERT INTO `hui_admin_log` VALUES (146, 1, 'admin', '/admin.php/file/edit.html', '编辑文件', '{\"dosubmit\":\"1\",\"filename\":\"E:\\\\wwwroot\\\\2001hui_tp51_auth\\\\public\\\\index.php\"}', '127.0.0.1', 'Mozilla/5.0 (Windows NT 10.0; Win64; x64) AppleWebKit/537.36 (KHTML, like Gecko) Chrome/79.0.3945.117 Safari/537.36 Edg/79.0.309.63', 1578913351);
INSERT INTO `hui_admin_log` VALUES (147, 1, 'admin', '/admin.php/file/edit.html', '编辑文件', '{\"dosubmit\":\"1\",\"filename\":\"E:\\\\wwwroot\\\\2001hui_tp51_auth\\\\public\\\\index.php\"}', '127.0.0.1', 'Mozilla/5.0 (Windows NT 10.0; Win64; x64) AppleWebKit/537.36 (KHTML, like Gecko) Chrome/79.0.3945.117 Safari/537.36 Edg/79.0.309.63', 1578913363);
INSERT INTO `hui_admin_log` VALUES (148, 1, 'admin', '/admin.php/file/edit.html', '编辑文件', '{\"dosubmit\":\"1\",\"filename\":\"E:\\\\wwwroot\\\\2001hui_tp51_auth\\\\public\\\\index.php\"}', '127.0.0.1', 'Mozilla/5.0 (Windows NT 10.0; Win64; x64) AppleWebKit/537.36 (KHTML, like Gecko) Chrome/79.0.3945.117 Safari/537.36 Edg/79.0.309.63', 1578913375);
INSERT INTO `hui_admin_log` VALUES (149, 1, 'admin', '/admin.php/file/edit.html', '编辑文件', '{\"dosubmit\":\"1\",\"filename\":\"E:\\\\wwwroot\\\\2001hui_tp51_auth\\\\public\\\\index.php\"}', '127.0.0.1', 'Mozilla/5.0 (Windows NT 10.0; Win64; x64) AppleWebKit/537.36 (KHTML, like Gecko) Chrome/79.0.3945.117 Safari/537.36 Edg/79.0.309.63', 1578913401);
INSERT INTO `hui_admin_log` VALUES (150, 1, 'admin', '/admin.php/file/edit.html', '编辑文件', '{\"dosubmit\":\"1\",\"filename\":\"E:\\\\wwwroot\\\\2001hui_tp51_auth\\\\public\\\\index.php\"}', '127.0.0.1', 'Mozilla/5.0 (Windows NT 10.0; Win64; x64) AppleWebKit/537.36 (KHTML, like Gecko) Chrome/79.0.3945.117 Safari/537.36 Edg/79.0.309.63', 1578914051);
INSERT INTO `hui_admin_log` VALUES (151, 1, 'admin', '/admin.php/file/edit.html', '编辑文件', '{\"dosubmit\":\"1\",\"filename\":\"E:\\\\wwwroot\\\\2001hui_tp51_auth\\\\public\\\\index.php\"}', '127.0.0.1', 'Mozilla/5.0 (Windows NT 10.0; Win64; x64) AppleWebKit/537.36 (KHTML, like Gecko) Chrome/79.0.3945.117 Safari/537.36 Edg/79.0.309.63', 1578914059);
INSERT INTO `hui_admin_log` VALUES (152, 1, 'admin', '/admin.php/file/edit.html', '编辑文件', '{\"dosubmit\":\"1\",\"filename\":\"E%3A%5Cwwwroot%5C2001hui_tp51_auth%5Cpublic%5Cindex.php\"}', '127.0.0.1', 'Mozilla/5.0 (Windows NT 10.0; Win64; x64) AppleWebKit/537.36 (KHTML, like Gecko) Chrome/79.0.3945.117 Safari/537.36 Edg/79.0.309.63', 1578914065);
INSERT INTO `hui_admin_log` VALUES (153, 1, 'admin', '/admin.php/file/edit.html', '编辑文件', '{\"dosubmit\":\"1\",\"filename\":\"E%3A%5Cwwwroot%5C2001hui_tp51_auth%5Cpublic%5Crouter.php\"}', '127.0.0.1', 'Mozilla/5.0 (Windows NT 10.0; Win64; x64) AppleWebKit/537.36 (KHTML, like Gecko) Chrome/79.0.3945.117 Safari/537.36 Edg/79.0.309.63', 1578914119);
INSERT INTO `hui_admin_log` VALUES (154, 1, 'admin', '/admin.php/file/edit.html', '编辑文件', '{\"dosubmit\":\"1\",\"filename\":\"E:\\\\wwwroot\\\\2001hui_tp51_auth\\\\public\\\\index.php\"}', '127.0.0.1', 'Mozilla/5.0 (Windows NT 10.0; Win64; x64) AppleWebKit/537.36 (KHTML, like Gecko) Chrome/79.0.3945.117 Safari/537.36 Edg/79.0.309.63', 1578916286);
INSERT INTO `hui_admin_log` VALUES (155, 1, 'admin', '/admin.php/file/edit.html', '编辑文件', '{\"dosubmit\":\"1\",\"filename\":\"E:\\\\wwwroot\\\\2001hui_tp51_auth\\\\public\\\\index.php\"}', '127.0.0.1', 'Mozilla/5.0 (Windows NT 10.0; Win64; x64) AppleWebKit/537.36 (KHTML, like Gecko) Chrome/79.0.3945.117 Safari/537.36 Edg/79.0.309.63', 1578916481);
INSERT INTO `hui_admin_log` VALUES (156, 1, 'admin', '/admin.php/file/edit.html', '编辑文件', '{\"dosubmit\":\"1\",\"filename\":\"E:\\\\wwwroot\\\\2001hui_tp51_auth\\\\public\\\\index.php\"}', '127.0.0.1', 'Mozilla/5.0 (Windows NT 10.0; Win64; x64) AppleWebKit/537.36 (KHTML, like Gecko) Chrome/79.0.3945.117 Safari/537.36 Edg/79.0.309.63', 1578916487);
INSERT INTO `hui_admin_log` VALUES (157, 1, 'admin', '/admin.php/file/edit.html', '编辑文件', '{\"dosubmit\":\"1\",\"filename\":\"E:\\\\wwwroot\\\\2001hui_tp51_auth\\\\public\\\\index.php\"}', '127.0.0.1', 'Mozilla/5.0 (Windows NT 10.0; Win64; x64) AppleWebKit/537.36 (KHTML, like Gecko) Chrome/79.0.3945.117 Safari/537.36 Edg/79.0.309.63', 1578916490);
INSERT INTO `hui_admin_log` VALUES (158, 1, 'admin', '/admin.php/file/edit.html', '编辑文件', '{\"dosubmit\":\"1\",\"filename\":\"E:\\\\wwwroot\\\\2001hui_tp51_auth\\\\public\\\\index.php\"}', '127.0.0.1', 'Mozilla/5.0 (Windows NT 10.0; Win64; x64) AppleWebKit/537.36 (KHTML, like Gecko) Chrome/79.0.3945.117 Safari/537.36 Edg/79.0.309.63', 1578916648);
INSERT INTO `hui_admin_log` VALUES (159, 1, 'admin', '/admin.php/file/edit.html', '编辑文件', '{\"dosubmit\":\"1\",\"filename\":\"E:\\\\wwwroot\\\\2001hui_tp51_auth\\\\public\\\\index.php\"}', '127.0.0.1', 'Mozilla/5.0 (Windows NT 10.0; Win64; x64) AppleWebKit/537.36 (KHTML, like Gecko) Chrome/79.0.3945.117 Safari/537.36 Edg/79.0.309.63', 1578916743);
INSERT INTO `hui_admin_log` VALUES (160, 1, 'admin', '/admin.php/file/edit.html', '编辑文件', '{\"dosubmit\":\"1\",\"filename\":\"E:\\\\wwwroot\\\\2001hui_tp51_auth\\\\public\\\\index.php\"}', '127.0.0.1', 'Mozilla/5.0 (Windows NT 10.0; Win64; x64) AppleWebKit/537.36 (KHTML, like Gecko) Chrome/79.0.3945.117 Safari/537.36 Edg/79.0.309.63', 1578916930);
INSERT INTO `hui_admin_log` VALUES (161, 1, 'admin', '/admin.php/file/edit.html', '编辑文件', '{\"dosubmit\":\"1\",\"filename\":\"E:\\\\wwwroot\\\\2001hui_tp51_auth\\\\public\\\\index.php\"}', '127.0.0.1', 'Mozilla/5.0 (Windows NT 10.0; Win64; x64) AppleWebKit/537.36 (KHTML, like Gecko) Chrome/79.0.3945.117 Safari/537.36 Edg/79.0.309.63', 1578916941);
INSERT INTO `hui_admin_log` VALUES (162, 1, 'admin', '/admin.php/file/edit.html', '编辑文件', '{\"dosubmit\":\"1\",\"filename\":\"E%3A%5Cwwwroot%5C2001hui_tp51_auth%5Cpublic%5Crouter.php\"}', '127.0.0.1', 'Mozilla/5.0 (Windows NT 10.0; Win64; x64) AppleWebKit/537.36 (KHTML, like Gecko) Chrome/79.0.3945.117 Safari/537.36 Edg/79.0.309.63', 1578916982);
INSERT INTO `hui_admin_log` VALUES (163, 1, 'admin', '/admin.php/file/edit.html', '编辑文件', '{\"dosubmit\":\"1\",\"filename\":\"E:\\\\wwwroot\\\\2001hui_tp51_auth\\\\public\\\\index.php\"}', '127.0.0.1', 'Mozilla/5.0 (Windows NT 10.0; Win64; x64) AppleWebKit/537.36 (KHTML, like Gecko) Chrome/79.0.3945.117 Safari/537.36 Edg/79.0.309.63', 1578917013);
INSERT INTO `hui_admin_log` VALUES (164, 1, 'admin', '/admin.php/file/edit.html', '编辑文件', '{\"dosubmit\":\"1\",\"filename\":\"E:\\\\wwwroot\\\\2001hui_tp51_auth\\\\public\\\\index.php\"}', '127.0.0.1', 'Mozilla/5.0 (Windows NT 10.0; Win64; x64) AppleWebKit/537.36 (KHTML, like Gecko) Chrome/79.0.3945.117 Safari/537.36 Edg/79.0.309.63', 1578917016);
INSERT INTO `hui_admin_log` VALUES (165, 1, 'admin', '/admin.php/file/edit.html', '编辑文件', '{\"dosubmit\":\"1\",\"filename\":\"E:\\\\wwwroot\\\\2001hui_tp51_auth\\\\public\\\\index.php\"}', '127.0.0.1', 'Mozilla/5.0 (Windows NT 10.0; Win64; x64) AppleWebKit/537.36 (KHTML, like Gecko) Chrome/79.0.3945.117 Safari/537.36 Edg/79.0.309.63', 1578917029);
INSERT INTO `hui_admin_log` VALUES (166, 1, 'admin', '/admin.php/file/edit.html', '编辑文件', '{\"dosubmit\":\"1\",\"filename\":\"E:\\\\wwwroot\\\\2001hui_tp51_auth\\\\public\\\\index.php\"}', '127.0.0.1', 'Mozilla/5.0 (Windows NT 10.0; Win64; x64) AppleWebKit/537.36 (KHTML, like Gecko) Chrome/79.0.3945.117 Safari/537.36 Edg/79.0.309.63', 1578917030);
INSERT INTO `hui_admin_log` VALUES (167, 1, 'admin', '/admin.php/file/edit.html', '编辑文件', '{\"dosubmit\":\"1\",\"filename\":\"E:\\\\wwwroot\\\\2001hui_tp51_auth\\\\public\\\\index.php\"}', '127.0.0.1', 'Mozilla/5.0 (Windows NT 10.0; Win64; x64) AppleWebKit/537.36 (KHTML, like Gecko) Chrome/79.0.3945.117 Safari/537.36 Edg/79.0.309.63', 1578917621);
INSERT INTO `hui_admin_log` VALUES (168, 1, 'admin', '/admin.php/file/edit.html', '编辑文件', '{\"dosubmit\":\"1\",\"filename\":\"E%3A%5Cwwwroot%5C2001hui_tp51_auth%5Cpublic%5Cadmin.php\"}', '127.0.0.1', 'Mozilla/5.0 (Windows NT 10.0; Win64; x64) AppleWebKit/537.36 (KHTML, like Gecko) Chrome/79.0.3945.117 Safari/537.36 Edg/79.0.309.63', 1578918122);
INSERT INTO `hui_admin_log` VALUES (169, 1, 'admin', '/admin.php/file/edit.html', '编辑文件', '{\"dosubmit\":\"1\",\"filename\":\"E:\\\\wwwroot\\\\2001hui_tp51_auth\\\\public\\\\index.php\"}', '127.0.0.1', 'Mozilla/5.0 (Windows NT 10.0; Win64; x64) AppleWebKit/537.36 (KHTML, like Gecko) Chrome/79.0.3945.117 Safari/537.36 Edg/79.0.309.63', 1578918703);
INSERT INTO `hui_admin_log` VALUES (170, 1, 'admin', '/admin.php/file/edit.html', '编辑文件', '{\"dosubmit\":\"1\",\"filename\":\"E:\\\\wwwroot\\\\2001hui_tp51_auth\\\\public\\\\index.php\"}', '127.0.0.1', 'Mozilla/5.0 (Windows NT 10.0; Win64; x64) AppleWebKit/537.36 (KHTML, like Gecko) Chrome/79.0.3945.117 Safari/537.36 Edg/79.0.309.63', 1578918707);
INSERT INTO `hui_admin_log` VALUES (171, 1, 'admin', '/admin.php/login/index.html', '登录', '{\"username\":\"admin\",\"dosubmit\":\"1\"}', '127.0.0.1', 'Mozilla/5.0 (Windows NT 10.0; Win64; x64) AppleWebKit/537.36 (KHTML, like Gecko) Chrome/79.0.3945.117 Safari/537.36 Edg/79.0.309.65', 1578962251);
INSERT INTO `hui_admin_log` VALUES (172, 1, 'admin', '/admin.php/file/edit.html', '编辑文件', '{\"dosubmit\":\"1\",\"filename\":\"E%3A%5Cwwwroot%5C2001hui_tp51_auth%5Cpublic%5Cadmin.php\"}', '127.0.0.1', 'Mozilla/5.0 (Windows NT 10.0; Win64; x64) AppleWebKit/537.36 (KHTML, like Gecko) Chrome/79.0.3945.117 Safari/537.36 Edg/79.0.309.65', 1578962305);
INSERT INTO `hui_admin_log` VALUES (173, 0, '0', '/admin.php/file/edit.html', '', '{\"dosubmit\":\"1\",\"filename\":\"E%3A%5Cwwwroot%5C2001hui_tp51_auth%5Capplication%5Cindex%5Ccontroller%5CIndex.php\"}', '127.0.0.1', 'Mozilla/5.0 (Windows NT 10.0; Win64; x64) AppleWebKit/537.36 (KHTML, like Gecko) Chrome/79.0.3945.117 Safari/537.36 Edg/79.0.309.65', 1578982066);
INSERT INTO `hui_admin_log` VALUES (174, 0, '0', '/admin.php/file/edit.html', '', '{\"dosubmit\":\"1\",\"filename\":\"E%3A%5Cwwwroot%5C2001hui_tp51_auth%5Capplication%5Cindex%5Ccontroller%5CIndex.php\"}', '127.0.0.1', 'Mozilla/5.0 (Windows NT 10.0; Win64; x64) AppleWebKit/537.36 (KHTML, like Gecko) Chrome/79.0.3945.117 Safari/537.36 Edg/79.0.309.65', 1578982067);
INSERT INTO `hui_admin_log` VALUES (175, 0, '0', '/admin.php/file/edit.html', '', '{\"dosubmit\":\"1\",\"filename\":\"E%3A%5Cwwwroot%5C2001hui_tp51_auth%5Capplication%5Cindex%5Ccontroller%5CIndex.php\"}', '127.0.0.1', 'Mozilla/5.0 (Windows NT 10.0; Win64; x64) AppleWebKit/537.36 (KHTML, like Gecko) Chrome/79.0.3945.117 Safari/537.36 Edg/79.0.309.65', 1578982068);
INSERT INTO `hui_admin_log` VALUES (176, 0, '0', '/admin.php/file/edit.html', '', '{\"dosubmit\":\"1\",\"filename\":\"E%3A%5Cwwwroot%5C2001hui_tp51_auth%5Capplication%5Cindex%5Ccontroller%5CIndex.php\"}', '127.0.0.1', 'Mozilla/5.0 (Windows NT 10.0; Win64; x64) AppleWebKit/537.36 (KHTML, like Gecko) Chrome/79.0.3945.117 Safari/537.36 Edg/79.0.309.65', 1578982068);
INSERT INTO `hui_admin_log` VALUES (177, 0, '0', '/admin.php/file/edit.html', '', '{\"dosubmit\":\"1\",\"filename\":\"E%3A%5Cwwwroot%5C2001hui_tp51_auth%5Capplication%5Cindex%5Ccontroller%5CIndex.php\"}', '127.0.0.1', 'Mozilla/5.0 (Windows NT 10.0; Win64; x64) AppleWebKit/537.36 (KHTML, like Gecko) Chrome/79.0.3945.117 Safari/537.36 Edg/79.0.309.65', 1578982068);
INSERT INTO `hui_admin_log` VALUES (178, 0, '0', '/admin.php/file/edit.html', '', '{\"dosubmit\":\"1\",\"filename\":\"E%3A%5Cwwwroot%5C2001hui_tp51_auth%5Capplication%5Cindex%5Ccontroller%5CIndex.php\"}', '127.0.0.1', 'Mozilla/5.0 (Windows NT 10.0; Win64; x64) AppleWebKit/537.36 (KHTML, like Gecko) Chrome/79.0.3945.117 Safari/537.36 Edg/79.0.309.65', 1578982068);
INSERT INTO `hui_admin_log` VALUES (179, 0, '0', '/admin.php/file/edit.html', '', '{\"dosubmit\":\"1\",\"filename\":\"E%3A%5Cwwwroot%5C2001hui_tp51_auth%5Capplication%5Cindex%5Ccontroller%5CIndex.php\"}', '127.0.0.1', 'Mozilla/5.0 (Windows NT 10.0; Win64; x64) AppleWebKit/537.36 (KHTML, like Gecko) Chrome/79.0.3945.117 Safari/537.36 Edg/79.0.309.65', 1578982070);
INSERT INTO `hui_admin_log` VALUES (180, 1, 'admin', '/admin.php/login/index.html', '登录', '{\"username\":\"admin\",\"dosubmit\":\"1\"}', '127.0.0.1', 'Mozilla/5.0 (Windows NT 10.0; Win64; x64) AppleWebKit/537.36 (KHTML, like Gecko) Chrome/79.0.3945.117 Safari/537.36 Edg/79.0.309.65', 1578982083);
INSERT INTO `hui_admin_log` VALUES (181, 1, 'admin', '/admin.php/file/edit.html', '编辑文件', '{\"dosubmit\":\"1\",\"filename\":\"E:\\\\wwwroot\\\\2001hui_tp51_auth\\\\application\\\\index\\\\controller\\\\Index.php\"}', '127.0.0.1', 'Mozilla/5.0 (Windows NT 10.0; Win64; x64) AppleWebKit/537.36 (KHTML, like Gecko) Chrome/79.0.3945.117 Safari/537.36 Edg/79.0.309.65', 1578982379);
INSERT INTO `hui_admin_log` VALUES (182, 1, 'admin', '/admin.php/file/edit.html', '编辑文件', '{\"dosubmit\":\"1\",\"filename\":\"E%3A%5Cwwwroot%5C2001hui_tp51_auth%5Cpublic%5Cindex.php\"}', '127.0.0.1', 'Mozilla/5.0 (Windows NT 10.0; Win64; x64) AppleWebKit/537.36 (KHTML, like Gecko) Chrome/79.0.3945.117 Safari/537.36 Edg/79.0.309.65', 1578982409);
INSERT INTO `hui_admin_log` VALUES (183, 1, 'admin', '/admin.php/file/edit.html', '编辑文件', '{\"dosubmit\":\"1\",\"filename\":\"E%3A%5Cwwwroot%5C2001hui_tp51_auth%5Cpublic%5Cindex.php\"}', '127.0.0.1', 'Mozilla/5.0 (Windows NT 10.0; Win64; x64) AppleWebKit/537.36 (KHTML, like Gecko) Chrome/79.0.3945.117 Safari/537.36 Edg/79.0.309.65', 1578982411);
INSERT INTO `hui_admin_log` VALUES (184, 1, 'admin', '/admin.php/file/edit.html', '编辑文件', '{\"dosubmit\":\"1\",\"text\":\"VXNlci1hZ2VudDogKgpEaXNhbGxvdzogIA==\",\"filename\":\"E:\\\\wwwroot\\\\2001hui_tp51_auth\\\\public\\\\robots.txt\"}', '127.0.0.1', 'Mozilla/5.0 (Windows NT 10.0; Win64; x64) AppleWebKit/537.36 (KHTML, like Gecko) Chrome/79.0.3945.117 Safari/537.36 Edg/79.0.309.65', 1578985030);
INSERT INTO `hui_admin_log` VALUES (185, 1, 'admin', '/admin.php/file/edit.html', '编辑文件', '{\"dosubmit\":\"1\",\"text\":\"VXNlci1hZ2VudDogKgpEaXNhbGxvdzogICAg\",\"filename\":\"E:\\\\wwwroot\\\\2001hui_tp51_auth\\\\public\\\\robots.txt\"}', '127.0.0.1', 'Mozilla/5.0 (Windows NT 10.0; Win64; x64) AppleWebKit/537.36 (KHTML, like Gecko) Chrome/79.0.3945.117 Safari/537.36 Edg/79.0.309.65', 1578985062);
INSERT INTO `hui_admin_log` VALUES (186, 1, 'admin', '/admin.php/file/edit.html', '编辑文件', '{\"dosubmit\":\"1\",\"text\":\"VXNlci1hZ2VudDogKgpEaXNhbGxvdzo=\",\"filename\":\"E:\\\\wwwroot\\\\2001hui_tp51_auth\\\\public\\\\robots.txt\"}', '127.0.0.1', 'Mozilla/5.0 (Windows NT 10.0; Win64; x64) AppleWebKit/537.36 (KHTML, like Gecko) Chrome/79.0.3945.117 Safari/537.36 Edg/79.0.309.65', 1578985074);
INSERT INTO `hui_admin_log` VALUES (187, 1, 'admin', '/admin.php/file/edit.html', '编辑文件', '{\"dosubmit\":\"1\",\"text\":\"VXNlci1hZ2VudDogKgpEaXNhbGxvdzo=\",\"filename\":\"E:\\\\wwwroot\\\\2001hui_tp51_auth\\\\public\\\\robots.txt\"}', '127.0.0.1', 'Mozilla/5.0 (Windows NT 10.0; Win64; x64) AppleWebKit/537.36 (KHTML, like Gecko) Chrome/79.0.3945.117 Safari/537.36 Edg/79.0.309.65', 1578985077);
INSERT INTO `hui_admin_log` VALUES (188, 1, 'admin', '/admin.php/file/ace_editor_config.html', '', '{\"type\":\"fontSize\"}', '127.0.0.1', 'Mozilla/5.0 (Windows NT 10.0; Win64; x64) AppleWebKit/537.36 (KHTML, like Gecko) Chrome/79.0.3945.117 Safari/537.36 Edg/79.0.309.65', 1578992710);
INSERT INTO `hui_admin_log` VALUES (189, 1, 'admin', '/admin.php/file/ace_editor_config.html', '', '{\"type\":\"fontSize\"}', '127.0.0.1', 'Mozilla/5.0 (Windows NT 10.0; Win64; x64) AppleWebKit/537.36 (KHTML, like Gecko) Chrome/79.0.3945.117 Safari/537.36 Edg/79.0.309.65', 1578993901);
INSERT INTO `hui_admin_log` VALUES (190, 1, 'admin', '/admin.php/file/ace_editor_config.html', '', '{\"type\":\"fontSize\"}', '127.0.0.1', 'Mozilla/5.0 (Windows NT 10.0; Win64; x64) AppleWebKit/537.36 (KHTML, like Gecko) Chrome/79.0.3945.117 Safari/537.36 Edg/79.0.309.65', 1578994078);
INSERT INTO `hui_admin_log` VALUES (191, 1, 'admin', '/admin.php/file/ace_editor_config.html', '', '{\"type\":\"fontSize\"}', '127.0.0.1', 'Mozilla/5.0 (Windows NT 10.0; Win64; x64) AppleWebKit/537.36 (KHTML, like Gecko) Chrome/79.0.3945.117 Safari/537.36 Edg/79.0.309.65', 1578994128);
INSERT INTO `hui_admin_log` VALUES (192, 1, 'admin', '/admin.php/file/ace_editor_config.html', '', '{\"type\":\"fontSize\"}', '127.0.0.1', 'Mozilla/5.0 (Windows NT 10.0; Win64; x64) AppleWebKit/537.36 (KHTML, like Gecko) Chrome/79.0.3945.117 Safari/537.36 Edg/79.0.309.65', 1578994129);
INSERT INTO `hui_admin_log` VALUES (193, 1, 'admin', '/admin.php/file/ace_editor_config.html', '', '{\"type\":\"fontSize\"}', '127.0.0.1', 'Mozilla/5.0 (Windows NT 10.0; Win64; x64) AppleWebKit/537.36 (KHTML, like Gecko) Chrome/79.0.3945.117 Safari/537.36 Edg/79.0.309.65', 1578994174);
INSERT INTO `hui_admin_log` VALUES (194, 1, 'admin', '/admin.php/file/ace_editor_config.html', '', '{\"type\":\"fontSize\"}', '127.0.0.1', 'Mozilla/5.0 (Windows NT 10.0; Win64; x64) AppleWebKit/537.36 (KHTML, like Gecko) Chrome/79.0.3945.117 Safari/537.36 Edg/79.0.309.65', 1578994175);
INSERT INTO `hui_admin_log` VALUES (195, 1, 'admin', '/admin.php/file/ace_editor_config.html', '', '{\"type\":\"fontSize\"}', '127.0.0.1', 'Mozilla/5.0 (Windows NT 10.0; Win64; x64) AppleWebKit/537.36 (KHTML, like Gecko) Chrome/79.0.3945.117 Safari/537.36 Edg/79.0.309.65', 1578994177);
INSERT INTO `hui_admin_log` VALUES (196, 1, 'admin', '/admin.php/file/ace_editor_config.html', '', '{\"type\":\"fontSize\"}', '127.0.0.1', 'Mozilla/5.0 (Windows NT 10.0; Win64; x64) AppleWebKit/537.36 (KHTML, like Gecko) Chrome/79.0.3945.117 Safari/537.36 Edg/79.0.309.65', 1578994177);
INSERT INTO `hui_admin_log` VALUES (197, 1, 'admin', '/admin.php/file/ace_editor_config.html', '', '{\"type\":\"fontSize\"}', '127.0.0.1', 'Mozilla/5.0 (Windows NT 10.0; Win64; x64) AppleWebKit/537.36 (KHTML, like Gecko) Chrome/79.0.3945.117 Safari/537.36 Edg/79.0.309.65', 1578994177);
INSERT INTO `hui_admin_log` VALUES (198, 1, 'admin', '/admin.php/file/ace_editor_config.html', '', '{\"type\":\"fontSize\"}', '127.0.0.1', 'Mozilla/5.0 (Windows NT 10.0; Win64; x64) AppleWebKit/537.36 (KHTML, like Gecko) Chrome/79.0.3945.117 Safari/537.36 Edg/79.0.309.65', 1578994180);
INSERT INTO `hui_admin_log` VALUES (199, 1, 'admin', '/admin.php/file/ace_editor_config.html', '', '{\"type\":\"fontSize\"}', '127.0.0.1', 'Mozilla/5.0 (Windows NT 10.0; Win64; x64) AppleWebKit/537.36 (KHTML, like Gecko) Chrome/79.0.3945.117 Safari/537.36 Edg/79.0.309.65', 1578994181);
INSERT INTO `hui_admin_log` VALUES (200, 1, 'admin', '/admin.php/file/ace_editor_config.html', '', '{\"type\":\"fontSize\"}', '127.0.0.1', 'Mozilla/5.0 (Windows NT 10.0; Win64; x64) AppleWebKit/537.36 (KHTML, like Gecko) Chrome/79.0.3945.117 Safari/537.36 Edg/79.0.309.65', 1578994190);
INSERT INTO `hui_admin_log` VALUES (201, 1, 'admin', '/admin.php/file/ace_editor_config.html', '', '{\"type\":\"fontSize\"}', '127.0.0.1', 'Mozilla/5.0 (Windows NT 10.0; Win64; x64) AppleWebKit/537.36 (KHTML, like Gecko) Chrome/79.0.3945.117 Safari/537.36 Edg/79.0.309.65', 1578994230);
INSERT INTO `hui_admin_log` VALUES (202, 1, 'admin', '/admin.php/file/ace_editor_config.html', '', '{\"type\":\"fontSize\"}', '127.0.0.1', 'Mozilla/5.0 (Windows NT 10.0; Win64; x64) AppleWebKit/537.36 (KHTML, like Gecko) Chrome/79.0.3945.117 Safari/537.36 Edg/79.0.309.65', 1578994240);
INSERT INTO `hui_admin_log` VALUES (203, 1, 'admin', '/admin.php/file/ace_editor_config.html', '', '{\"type\":\"fontSize\"}', '127.0.0.1', 'Mozilla/5.0 (Windows NT 10.0; Win64; x64) AppleWebKit/537.36 (KHTML, like Gecko) Chrome/79.0.3945.117 Safari/537.36 Edg/79.0.309.65', 1578994249);
INSERT INTO `hui_admin_log` VALUES (204, 1, 'admin', '/admin.php/file/ace_editor_config.html', '', '{\"type\":\"fontSize\"}', '127.0.0.1', 'Mozilla/5.0 (Windows NT 10.0; Win64; x64) AppleWebKit/537.36 (KHTML, like Gecko) Chrome/79.0.3945.117 Safari/537.36 Edg/79.0.309.65', 1578994250);
INSERT INTO `hui_admin_log` VALUES (205, 1, 'admin', '/admin.php/file/ace_editor_config.html', '', '{\"type\":\"fontSize\"}', '127.0.0.1', 'Mozilla/5.0 (Windows NT 10.0; Win64; x64) AppleWebKit/537.36 (KHTML, like Gecko) Chrome/79.0.3945.117 Safari/537.36 Edg/79.0.309.65', 1578994251);
INSERT INTO `hui_admin_log` VALUES (206, 1, 'admin', '/admin.php/file/ace_editor_config.html', '', '{\"type\":\"fontSize\"}', '127.0.0.1', 'Mozilla/5.0 (Windows NT 10.0; Win64; x64) AppleWebKit/537.36 (KHTML, like Gecko) Chrome/79.0.3945.117 Safari/537.36 Edg/79.0.309.65', 1578994266);
INSERT INTO `hui_admin_log` VALUES (207, 1, 'admin', '/admin.php/file/ace_editor_config.html', '', '{\"type\":\"fontSize\"}', '127.0.0.1', 'Mozilla/5.0 (Windows NT 10.0; Win64; x64) AppleWebKit/537.36 (KHTML, like Gecko) Chrome/79.0.3945.117 Safari/537.36 Edg/79.0.309.65', 1578994267);
INSERT INTO `hui_admin_log` VALUES (208, 1, 'admin', '/admin.php/file/ace_editor_config.html', '', '{\"type\":\"fontSize\"}', '127.0.0.1', 'Mozilla/5.0 (Windows NT 10.0; Win64; x64) AppleWebKit/537.36 (KHTML, like Gecko) Chrome/79.0.3945.117 Safari/537.36 Edg/79.0.309.65', 1578994308);
INSERT INTO `hui_admin_log` VALUES (209, 1, 'admin', '/admin.php/file/ace_editor_config.html', '', '{\"type\":\"fontSize\"}', '127.0.0.1', 'Mozilla/5.0 (Windows NT 10.0; Win64; x64) AppleWebKit/537.36 (KHTML, like Gecko) Chrome/79.0.3945.117 Safari/537.36 Edg/79.0.309.65', 1578994309);
INSERT INTO `hui_admin_log` VALUES (210, 1, 'admin', '/admin.php/file/ace_editor_config.html', '', '{\"type\":\"fontSize\"}', '127.0.0.1', 'Mozilla/5.0 (Windows NT 10.0; Win64; x64) AppleWebKit/537.36 (KHTML, like Gecko) Chrome/79.0.3945.117 Safari/537.36 Edg/79.0.309.65', 1578994309);
INSERT INTO `hui_admin_log` VALUES (211, 1, 'admin', '/admin.php/file/ace_editor_config.html', '', '{\"type\":\"fontSize\"}', '127.0.0.1', 'Mozilla/5.0 (Windows NT 10.0; Win64; x64) AppleWebKit/537.36 (KHTML, like Gecko) Chrome/79.0.3945.117 Safari/537.36 Edg/79.0.309.65', 1578994309);
INSERT INTO `hui_admin_log` VALUES (212, 1, 'admin', '/admin.php/file/ace_editor_config.html', '', '{\"type\":\"fontSize\"}', '127.0.0.1', 'Mozilla/5.0 (Windows NT 10.0; Win64; x64) AppleWebKit/537.36 (KHTML, like Gecko) Chrome/79.0.3945.117 Safari/537.36 Edg/79.0.309.65', 1578994310);
INSERT INTO `hui_admin_log` VALUES (213, 1, 'admin', '/admin.php/file/ace_editor_config.html', '', '{\"type\":\"fontSize\"}', '127.0.0.1', 'Mozilla/5.0 (Windows NT 10.0; Win64; x64) AppleWebKit/537.36 (KHTML, like Gecko) Chrome/79.0.3945.117 Safari/537.36 Edg/79.0.309.65', 1578994310);
INSERT INTO `hui_admin_log` VALUES (214, 1, 'admin', '/admin.php/file/ace_editor_config.html', '', '{\"type\":\"fontSize\"}', '127.0.0.1', 'Mozilla/5.0 (Windows NT 10.0; Win64; x64) AppleWebKit/537.36 (KHTML, like Gecko) Chrome/79.0.3945.117 Safari/537.36 Edg/79.0.309.65', 1578994310);
INSERT INTO `hui_admin_log` VALUES (215, 1, 'admin', '/admin.php/file/ace_editor_config.html', '', '{\"type\":\"fontSize\"}', '127.0.0.1', 'Mozilla/5.0 (Windows NT 10.0; Win64; x64) AppleWebKit/537.36 (KHTML, like Gecko) Chrome/79.0.3945.117 Safari/537.36 Edg/79.0.309.65', 1578994311);
INSERT INTO `hui_admin_log` VALUES (216, 1, 'admin', '/admin.php/file/ace_editor_config.html', '', '{\"type\":\"fontSize\"}', '127.0.0.1', 'Mozilla/5.0 (Windows NT 10.0; Win64; x64) AppleWebKit/537.36 (KHTML, like Gecko) Chrome/79.0.3945.117 Safari/537.36 Edg/79.0.309.65', 1578994311);
INSERT INTO `hui_admin_log` VALUES (217, 1, 'admin', '/admin.php/file/ace_editor_config.html', '', '{\"type\":\"fontSize\"}', '127.0.0.1', 'Mozilla/5.0 (Windows NT 10.0; Win64; x64) AppleWebKit/537.36 (KHTML, like Gecko) Chrome/79.0.3945.117 Safari/537.36 Edg/79.0.309.65', 1578995467);
INSERT INTO `hui_admin_log` VALUES (218, 1, 'admin', '/admin.php/file/ace_editor_config.html', '', '{\"type\":\"fontSize\"}', '127.0.0.1', 'Mozilla/5.0 (Windows NT 10.0; Win64; x64) AppleWebKit/537.36 (KHTML, like Gecko) Chrome/79.0.3945.117 Safari/537.36 Edg/79.0.309.65', 1578995467);
INSERT INTO `hui_admin_log` VALUES (219, 1, 'admin', '/admin.php/file/ace_editor_config.html', '', '{\"type\":\"fontSize\"}', '127.0.0.1', 'Mozilla/5.0 (Windows NT 10.0; Win64; x64) AppleWebKit/537.36 (KHTML, like Gecko) Chrome/79.0.3945.117 Safari/537.36 Edg/79.0.309.65', 1578995467);
INSERT INTO `hui_admin_log` VALUES (220, 1, 'admin', '/admin.php/file/ace_editor_config.html', '', '{\"type\":\"fontSize\"}', '127.0.0.1', 'Mozilla/5.0 (Windows NT 10.0; Win64; x64) AppleWebKit/537.36 (KHTML, like Gecko) Chrome/79.0.3945.117 Safari/537.36 Edg/79.0.309.65', 1578995468);
INSERT INTO `hui_admin_log` VALUES (221, 1, 'admin', '/admin.php/file/ace_editor_config.html', '', '{\"type\":\"fontSize\"}', '127.0.0.1', 'Mozilla/5.0 (Windows NT 10.0; Win64; x64) AppleWebKit/537.36 (KHTML, like Gecko) Chrome/79.0.3945.117 Safari/537.36 Edg/79.0.309.65', 1578995484);
INSERT INTO `hui_admin_log` VALUES (222, 1, 'admin', '/admin.php/file/ace_editor_config.html', '', '{\"type\":\"fontSize\"}', '127.0.0.1', 'Mozilla/5.0 (Windows NT 10.0; Win64; x64) AppleWebKit/537.36 (KHTML, like Gecko) Chrome/79.0.3945.117 Safari/537.36 Edg/79.0.309.65', 1578995484);
INSERT INTO `hui_admin_log` VALUES (223, 1, 'admin', '/admin.php/file/ace_editor_config.html', '', '{\"type\":\"fontSize\"}', '127.0.0.1', 'Mozilla/5.0 (Windows NT 10.0; Win64; x64) AppleWebKit/537.36 (KHTML, like Gecko) Chrome/79.0.3945.117 Safari/537.36 Edg/79.0.309.65', 1578995485);
INSERT INTO `hui_admin_log` VALUES (224, 1, 'admin', '/admin.php/file/ace_editor_config.html', '', '{\"type\":\"fontSize\"}', '127.0.0.1', 'Mozilla/5.0 (Windows NT 10.0; Win64; x64) AppleWebKit/537.36 (KHTML, like Gecko) Chrome/79.0.3945.117 Safari/537.36 Edg/79.0.309.65', 1578995485);
INSERT INTO `hui_admin_log` VALUES (225, 1, 'admin', '/admin.php/file/ace_editor_config.html', '', '{\"type\":\"fontSize\"}', '127.0.0.1', 'Mozilla/5.0 (Windows NT 10.0; Win64; x64) AppleWebKit/537.36 (KHTML, like Gecko) Chrome/79.0.3945.117 Safari/537.36 Edg/79.0.309.65', 1578995494);
INSERT INTO `hui_admin_log` VALUES (226, 1, 'admin', '/admin.php/file/ace_editor_config.html', '', '{\"type\":\"fontSize\"}', '127.0.0.1', 'Mozilla/5.0 (Windows NT 10.0; Win64; x64) AppleWebKit/537.36 (KHTML, like Gecko) Chrome/79.0.3945.117 Safari/537.36 Edg/79.0.309.65', 1578995497);
INSERT INTO `hui_admin_log` VALUES (227, 1, 'admin', '/admin.php/file/ace_editor_config.html', '', '{\"type\":\"fontSize\"}', '127.0.0.1', 'Mozilla/5.0 (Windows NT 10.0; Win64; x64) AppleWebKit/537.36 (KHTML, like Gecko) Chrome/79.0.3945.117 Safari/537.36 Edg/79.0.309.65', 1578995552);
INSERT INTO `hui_admin_log` VALUES (228, 1, 'admin', '/admin.php/file/ace_editor_config.html', '', '{\"type\":\"fontSize\"}', '127.0.0.1', 'Mozilla/5.0 (Windows NT 10.0; Win64; x64) AppleWebKit/537.36 (KHTML, like Gecko) Chrome/79.0.3945.117 Safari/537.36 Edg/79.0.309.65', 1578995579);
INSERT INTO `hui_admin_log` VALUES (229, 1, 'admin', '/admin.php/file/ace_editor_config.html', '', '{\"type\":\"fontSize\"}', '127.0.0.1', 'Mozilla/5.0 (Windows NT 10.0; Win64; x64) AppleWebKit/537.36 (KHTML, like Gecko) Chrome/79.0.3945.117 Safari/537.36 Edg/79.0.309.65', 1578995618);
INSERT INTO `hui_admin_log` VALUES (230, 1, 'admin', '/admin.php/file/ace_editor_config.html', '', '{\"type\":\"fontSize\"}', '127.0.0.1', 'Mozilla/5.0 (Windows NT 10.0; Win64; x64) AppleWebKit/537.36 (KHTML, like Gecko) Chrome/79.0.3945.117 Safari/537.36 Edg/79.0.309.65', 1578995640);
INSERT INTO `hui_admin_log` VALUES (231, 1, 'admin', '/admin.php/file/ace_editor_config.html', '', '{\"type\":\"fontSize\"}', '127.0.0.1', 'Mozilla/5.0 (Windows NT 10.0; Win64; x64) AppleWebKit/537.36 (KHTML, like Gecko) Chrome/79.0.3945.117 Safari/537.36 Edg/79.0.309.65', 1578995758);
INSERT INTO `hui_admin_log` VALUES (232, 1, 'admin', '/admin.php/file/ace_editor_config.html', '', '{\"type\":\"fontSize\"}', '127.0.0.1', 'Mozilla/5.0 (Windows NT 10.0; Win64; x64) AppleWebKit/537.36 (KHTML, like Gecko) Chrome/79.0.3945.117 Safari/537.36 Edg/79.0.309.65', 1578995760);
INSERT INTO `hui_admin_log` VALUES (233, 1, 'admin', '/admin.php/file/ace_editor_config.html', '', '{\"type\":\"fontSize\"}', '127.0.0.1', 'Mozilla/5.0 (Windows NT 10.0; Win64; x64) AppleWebKit/537.36 (KHTML, like Gecko) Chrome/79.0.3945.117 Safari/537.36 Edg/79.0.309.65', 1578995761);
INSERT INTO `hui_admin_log` VALUES (234, 1, 'admin', '/admin.php/file/ace_editor_config.html', '', '{\"type\":\"fontSize\"}', '127.0.0.1', 'Mozilla/5.0 (Windows NT 10.0; Win64; x64) AppleWebKit/537.36 (KHTML, like Gecko) Chrome/79.0.3945.117 Safari/537.36 Edg/79.0.309.65', 1578995789);
INSERT INTO `hui_admin_log` VALUES (235, 1, 'admin', '/admin.php/file/ace_editor_config.html', '', '{\"type\":\"fontSize\"}', '127.0.0.1', 'Mozilla/5.0 (Windows NT 10.0; Win64; x64) AppleWebKit/537.36 (KHTML, like Gecko) Chrome/79.0.3945.117 Safari/537.36 Edg/79.0.309.65', 1578995824);
INSERT INTO `hui_admin_log` VALUES (236, 1, 'admin', '/admin.php/file/ace_editor_config.html', '', '{\"type\":\"fontSize\"}', '127.0.0.1', 'Mozilla/5.0 (Windows NT 10.0; Win64; x64) AppleWebKit/537.36 (KHTML, like Gecko) Chrome/79.0.3945.117 Safari/537.36 Edg/79.0.309.65', 1578995967);
INSERT INTO `hui_admin_log` VALUES (237, 1, 'admin', '/admin.php/file/ace_editor_config.html', '', '{\"type\":\"fontSize\"}', '127.0.0.1', 'Mozilla/5.0 (Windows NT 10.0; Win64; x64) AppleWebKit/537.36 (KHTML, like Gecko) Chrome/79.0.3945.117 Safari/537.36 Edg/79.0.309.65', 1578996005);
INSERT INTO `hui_admin_log` VALUES (238, 1, 'admin', '/admin.php/file/ace_editor_config.html', '', '{\"type\":\"fontSize\"}', '127.0.0.1', 'Mozilla/5.0 (Windows NT 10.0; Win64; x64) AppleWebKit/537.36 (KHTML, like Gecko) Chrome/79.0.3945.117 Safari/537.36 Edg/79.0.309.65', 1578996035);
INSERT INTO `hui_admin_log` VALUES (239, 1, 'admin', '/admin.php/file/ace_editor_config.html', '', '{\"type\":\"fontSize\"}', '127.0.0.1', 'Mozilla/5.0 (Windows NT 10.0; Win64; x64) AppleWebKit/537.36 (KHTML, like Gecko) Chrome/79.0.3945.117 Safari/537.36 Edg/79.0.309.65', 1578996072);
INSERT INTO `hui_admin_log` VALUES (240, 1, 'admin', '/admin.php/file/ace_editor_config.html', '', '{\"type\":\"fontSize\"}', '127.0.0.1', 'Mozilla/5.0 (Windows NT 10.0; Win64; x64) AppleWebKit/537.36 (KHTML, like Gecko) Chrome/79.0.3945.117 Safari/537.36 Edg/79.0.309.65', 1578996078);
INSERT INTO `hui_admin_log` VALUES (241, 1, 'admin', '/admin.php/file/ace_editor_config.html', '', '{\"type\":\"fontSize\"}', '127.0.0.1', 'Mozilla/5.0 (Windows NT 10.0; Win64; x64) AppleWebKit/537.36 (KHTML, like Gecko) Chrome/79.0.3945.117 Safari/537.36 Edg/79.0.309.65', 1578996095);
INSERT INTO `hui_admin_log` VALUES (242, 1, 'admin', '/admin.php/file/ace_editor_config.html', '', '{\"type\":\"fontSize\"}', '127.0.0.1', 'Mozilla/5.0 (Windows NT 10.0; Win64; x64) AppleWebKit/537.36 (KHTML, like Gecko) Chrome/79.0.3945.117 Safari/537.36 Edg/79.0.309.65', 1578996101);
INSERT INTO `hui_admin_log` VALUES (243, 1, 'admin', '/admin.php/file/ace_editor_config.html', '', '{\"type\":\"fontSize\"}', '127.0.0.1', 'Mozilla/5.0 (Windows NT 10.0; Win64; x64) AppleWebKit/537.36 (KHTML, like Gecko) Chrome/79.0.3945.117 Safari/537.36 Edg/79.0.309.65', 1578996228);
INSERT INTO `hui_admin_log` VALUES (244, 1, 'admin', '/admin.php/file/ace_editor_config.html', '', '{\"type\":\"fontSize\"}', '127.0.0.1', 'Mozilla/5.0 (Windows NT 10.0; Win64; x64) AppleWebKit/537.36 (KHTML, like Gecko) Chrome/79.0.3945.117 Safari/537.36 Edg/79.0.309.65', 1578996230);
INSERT INTO `hui_admin_log` VALUES (245, 1, 'admin', '/admin.php/file/ace_editor_config.html', '', '{\"type\":\"fontSize\"}', '127.0.0.1', 'Mozilla/5.0 (Windows NT 10.0; Win64; x64) AppleWebKit/537.36 (KHTML, like Gecko) Chrome/79.0.3945.117 Safari/537.36 Edg/79.0.309.65', 1578996231);
INSERT INTO `hui_admin_log` VALUES (246, 1, 'admin', '/admin.php/file/ace_editor_config.html', '', '{\"type\":\"fontSize\"}', '127.0.0.1', 'Mozilla/5.0 (Windows NT 10.0; Win64; x64) AppleWebKit/537.36 (KHTML, like Gecko) Chrome/79.0.3945.117 Safari/537.36 Edg/79.0.309.65', 1578996267);
INSERT INTO `hui_admin_log` VALUES (247, 1, 'admin', '/admin.php/file/ace_editor_config.html', '', '{\"type\":\"fontSize\"}', '127.0.0.1', 'Mozilla/5.0 (Windows NT 10.0; Win64; x64) AppleWebKit/537.36 (KHTML, like Gecko) Chrome/79.0.3945.117 Safari/537.36 Edg/79.0.309.65', 1578996269);
INSERT INTO `hui_admin_log` VALUES (248, 1, 'admin', '/admin.php/file/ace_editor_config.html', '', '{\"type\":\"fontSize\"}', '127.0.0.1', 'Mozilla/5.0 (Windows NT 10.0; Win64; x64) AppleWebKit/537.36 (KHTML, like Gecko) Chrome/79.0.3945.117 Safari/537.36 Edg/79.0.309.65', 1578996324);
INSERT INTO `hui_admin_log` VALUES (249, 1, 'admin', '/admin.php/file/ace_editor_config.html', '', '{\"type\":\"fontSize\"}', '127.0.0.1', 'Mozilla/5.0 (Windows NT 10.0; Win64; x64) AppleWebKit/537.36 (KHTML, like Gecko) Chrome/79.0.3945.117 Safari/537.36 Edg/79.0.309.65', 1578996349);
INSERT INTO `hui_admin_log` VALUES (250, 1, 'admin', '/admin.php/file/ace_editor_config.html', '', '{\"type\":\"fontSize\"}', '127.0.0.1', 'Mozilla/5.0 (Windows NT 10.0; Win64; x64) AppleWebKit/537.36 (KHTML, like Gecko) Chrome/79.0.3945.117 Safari/537.36 Edg/79.0.309.65', 1578996390);
INSERT INTO `hui_admin_log` VALUES (251, 1, 'admin', '/admin.php/file/ace_editor_config.html', '', '{\"type\":\"fontSize\"}', '127.0.0.1', 'Mozilla/5.0 (Windows NT 10.0; Win64; x64) AppleWebKit/537.36 (KHTML, like Gecko) Chrome/79.0.3945.117 Safari/537.36 Edg/79.0.309.65', 1578996459);
INSERT INTO `hui_admin_log` VALUES (252, 1, 'admin', '/admin.php/file/ace_editor_config.html', '', '{\"type\":\"fontSize\"}', '127.0.0.1', 'Mozilla/5.0 (Windows NT 10.0; Win64; x64) AppleWebKit/537.36 (KHTML, like Gecko) Chrome/79.0.3945.117 Safari/537.36 Edg/79.0.309.65', 1578996528);
INSERT INTO `hui_admin_log` VALUES (253, 1, 'admin', '/admin.php/file/ace_editor_config.html', '', '{\"type\":\"fontSize\"}', '127.0.0.1', 'Mozilla/5.0 (Windows NT 10.0; Win64; x64) AppleWebKit/537.36 (KHTML, like Gecko) Chrome/79.0.3945.117 Safari/537.36 Edg/79.0.309.65', 1578996604);
INSERT INTO `hui_admin_log` VALUES (254, 1, 'admin', '/admin.php/file/ace_editor_config.html', '', '{\"type\":\"fontSize\"}', '127.0.0.1', 'Mozilla/5.0 (Windows NT 10.0; Win64; x64) AppleWebKit/537.36 (KHTML, like Gecko) Chrome/79.0.3945.117 Safari/537.36 Edg/79.0.309.65', 1578996672);
INSERT INTO `hui_admin_log` VALUES (255, 1, 'admin', '/admin.php/file/ace_editor_config.html', '', '{\"type\":\"fontSize\"}', '127.0.0.1', 'Mozilla/5.0 (Windows NT 10.0; Win64; x64) AppleWebKit/537.36 (KHTML, like Gecko) Chrome/79.0.3945.117 Safari/537.36 Edg/79.0.309.65', 1578996690);
INSERT INTO `hui_admin_log` VALUES (256, 1, 'admin', '/admin.php/file/edit.html', '编辑文件', '{\"dosubmit\":\"1\",\"text\":\"YXNkZGZhc2RzZg==\",\"filename\":\"E:\\\\wwwroot\\\\2001hui_tp51_auth\\\\application\\\\index\\\\controller\\\\Index.php\"}', '127.0.0.1', 'Mozilla/5.0 (Windows NT 10.0; Win64; x64) AppleWebKit/537.36 (KHTML, like Gecko) Chrome/79.0.3945.117 Safari/537.36 Edg/79.0.309.65', 1579000297);
INSERT INTO `hui_admin_log` VALUES (257, 1, 'admin', '/admin.php/file/edit.html?file=E%3A%5Cwwwroot%5C2001hui_tp51_auth%5Capplication%5Cindex%5Ccontroller%5CIndex.php', '编辑文件', '{\"file\":\"E:\\\\wwwroot\\\\2001hui_tp51_auth\\\\application\\\\index\\\\controller\\\\Index.php\",\"type\":\"fontSize\",\"text\":\"14\"}', '127.0.0.1', 'Mozilla/5.0 (Windows NT 10.0; Win64; x64) AppleWebKit/537.36 (KHTML, like Gecko) Chrome/79.0.3945.117 Safari/537.36 Edg/79.0.309.65', 1579000643);
INSERT INTO `hui_admin_log` VALUES (258, 1, 'admin', '/admin.php/file/edit.html?file=E%3A%5Cwwwroot%5C2001hui_tp51_auth%5Capplication%5Cindex%5Ccontroller%5CIndex.php', '编辑文件', '{\"file\":\"E:\\\\wwwroot\\\\2001hui_tp51_auth\\\\application\\\\index\\\\controller\\\\Index.php\",\"type\":\"fontSize\",\"text\":\"14\"}', '127.0.0.1', 'Mozilla/5.0 (Windows NT 10.0; Win64; x64) AppleWebKit/537.36 (KHTML, like Gecko) Chrome/79.0.3945.117 Safari/537.36 Edg/79.0.309.65', 1579000676);
INSERT INTO `hui_admin_log` VALUES (259, 1, 'admin', '/admin.php/file/edit.html?file=E%3A%5Cwwwroot%5C2001hui_tp51_auth%5Capplication%5Cindex%5Ccontroller%5CIndex.php', '编辑文件', '{\"file\":\"E:\\\\wwwroot\\\\2001hui_tp51_auth\\\\application\\\\index\\\\controller\\\\Index.php\",\"type\":\"fontSize\",\"text\":\"16\"}', '127.0.0.1', 'Mozilla/5.0 (Windows NT 10.0; Win64; x64) AppleWebKit/537.36 (KHTML, like Gecko) Chrome/79.0.3945.117 Safari/537.36 Edg/79.0.309.65', 1579000816);
INSERT INTO `hui_admin_log` VALUES (260, 1, 'admin', '/admin.php/file/edit.html?file=E%3A%5Cwwwroot%5C2001hui_tp51_auth%5Capplication%5Cindex%5Ccontroller%5CIndex.php', '编辑文件', '{\"file\":\"E:\\\\wwwroot\\\\2001hui_tp51_auth\\\\application\\\\index\\\\controller\\\\Index.php\",\"type\":\"fontSize\",\"text\":\"16\"}', '127.0.0.1', 'Mozilla/5.0 (Windows NT 10.0; Win64; x64) AppleWebKit/537.36 (KHTML, like Gecko) Chrome/79.0.3945.117 Safari/537.36 Edg/79.0.309.65', 1579000820);
INSERT INTO `hui_admin_log` VALUES (261, 1, 'admin', '/admin.php/file/ace_editor_config.html', '', '{\"type\":\"fontSize\",\"text\":\"16\"}', '127.0.0.1', 'Mozilla/5.0 (Windows NT 10.0; Win64; x64) AppleWebKit/537.36 (KHTML, like Gecko) Chrome/79.0.3945.117 Safari/537.36 Edg/79.0.309.65', 1579000846);
INSERT INTO `hui_admin_log` VALUES (262, 1, 'admin', '/admin.php/file/ace_editor_config.html', '', '{\"type\":\"fontSize\",\"text\":\"16\"}', '127.0.0.1', 'Mozilla/5.0 (Windows NT 10.0; Win64; x64) AppleWebKit/537.36 (KHTML, like Gecko) Chrome/79.0.3945.117 Safari/537.36 Edg/79.0.309.65', 1579000910);
INSERT INTO `hui_admin_log` VALUES (263, 1, 'admin', '/admin.php/file/ace_editor_config.html', '', '{\"type\":\"fontSize\",\"text\":\"16\"}', '127.0.0.1', 'Mozilla/5.0 (Windows NT 10.0; Win64; x64) AppleWebKit/537.36 (KHTML, like Gecko) Chrome/79.0.3945.117 Safari/537.36 Edg/79.0.309.65', 1579001019);
INSERT INTO `hui_admin_log` VALUES (264, 1, 'admin', '/admin.php/file/ace_editor_config.html', '', '{\"type\":\"fontSize\",\"text\":\"16\"}', '127.0.0.1', 'Mozilla/5.0 (Windows NT 10.0; Win64; x64) AppleWebKit/537.36 (KHTML, like Gecko) Chrome/79.0.3945.117 Safari/537.36 Edg/79.0.309.65', 1579001025);
INSERT INTO `hui_admin_log` VALUES (265, 1, 'admin', '/admin.php/file/ace_editor_config.html', '', '{\"type\":\"fontSize\",\"text\":\"16\"}', '127.0.0.1', 'Mozilla/5.0 (Windows NT 10.0; Win64; x64) AppleWebKit/537.36 (KHTML, like Gecko) Chrome/79.0.3945.117 Safari/537.36 Edg/79.0.309.65', 1579001034);
INSERT INTO `hui_admin_log` VALUES (266, 1, 'admin', '/admin.php/file/ace_editor_config.html', '', '{\"type\":\"fontSize\",\"text\":\"16\"}', '127.0.0.1', 'Mozilla/5.0 (Windows NT 10.0; Win64; x64) AppleWebKit/537.36 (KHTML, like Gecko) Chrome/79.0.3945.117 Safari/537.36 Edg/79.0.309.65', 1579001048);
INSERT INTO `hui_admin_log` VALUES (267, 1, 'admin', '/admin.php/file/ace_editor_config.html', '', '{\"type\":\"fontSize\",\"text\":\"30\"}', '127.0.0.1', 'Mozilla/5.0 (Windows NT 10.0; Win64; x64) AppleWebKit/537.36 (KHTML, like Gecko) Chrome/79.0.3945.117 Safari/537.36 Edg/79.0.309.65', 1579001129);
INSERT INTO `hui_admin_log` VALUES (268, 1, 'admin', '/admin.php/file/ace_editor_config.html', '', '{\"type\":\"fontSize\",\"text\":\"303\"}', '127.0.0.1', 'Mozilla/5.0 (Windows NT 10.0; Win64; x64) AppleWebKit/537.36 (KHTML, like Gecko) Chrome/79.0.3945.117 Safari/537.36 Edg/79.0.309.65', 1579001152);
INSERT INTO `hui_admin_log` VALUES (269, 1, 'admin', '/admin.php/file/ace_editor_config.html', '', '{\"type\":\"fontSize\",\"text\":\"28\"}', '127.0.0.1', 'Mozilla/5.0 (Windows NT 10.0; Win64; x64) AppleWebKit/537.36 (KHTML, like Gecko) Chrome/79.0.3945.117 Safari/537.36 Edg/79.0.309.65', 1579001158);
INSERT INTO `hui_admin_log` VALUES (270, 1, 'admin', '/admin.php/file/ace_editor_config.html', '', '{\"type\":\"fontSize\",\"text\":\"15\"}', '127.0.0.1', 'Mozilla/5.0 (Windows NT 10.0; Win64; x64) AppleWebKit/537.36 (KHTML, like Gecko) Chrome/79.0.3945.117 Safari/537.36 Edg/79.0.309.65', 1579001188);
INSERT INTO `hui_admin_log` VALUES (271, 1, 'admin', '/admin.php/file/ace_editor_config.html', '', '{\"type\":\"fontSize\",\"text\":\"15\"}', '127.0.0.1', 'Mozilla/5.0 (Windows NT 10.0; Win64; x64) AppleWebKit/537.36 (KHTML, like Gecko) Chrome/79.0.3945.117 Safari/537.36 Edg/79.0.309.65', 1579001200);
INSERT INTO `hui_admin_log` VALUES (272, 1, 'admin', '/admin.php/file/ace_editor_config.html', '', '{\"type\":\"fontSize\",\"text\":\"30\"}', '127.0.0.1', 'Mozilla/5.0 (Windows NT 10.0; Win64; x64) AppleWebKit/537.36 (KHTML, like Gecko) Chrome/79.0.3945.117 Safari/537.36 Edg/79.0.309.65', 1579001203);
INSERT INTO `hui_admin_log` VALUES (273, 1, 'admin', '/admin.php/file/ace_editor_config.html', '', '{\"type\":\"fontSize\",\"text\":\"30\"}', '127.0.0.1', 'Mozilla/5.0 (Windows NT 10.0; Win64; x64) AppleWebKit/537.36 (KHTML, like Gecko) Chrome/79.0.3945.117 Safari/537.36 Edg/79.0.309.65', 1579001230);
INSERT INTO `hui_admin_log` VALUES (274, 1, 'admin', '/admin.php/file/ace_editor_config.html', '', '{\"type\":\"fontSize\",\"text\":\"15\"}', '127.0.0.1', 'Mozilla/5.0 (Windows NT 10.0; Win64; x64) AppleWebKit/537.36 (KHTML, like Gecko) Chrome/79.0.3945.117 Safari/537.36 Edg/79.0.309.65', 1579001515);
INSERT INTO `hui_admin_log` VALUES (275, 1, 'admin', '/admin.php/file/ace_editor_config.html', '', '{\"type\":\"fontSize\",\"text\":\"15\"}', '127.0.0.1', 'Mozilla/5.0 (Windows NT 10.0; Win64; x64) AppleWebKit/537.36 (KHTML, like Gecko) Chrome/79.0.3945.117 Safari/537.36 Edg/79.0.309.65', 1579001585);
INSERT INTO `hui_admin_log` VALUES (276, 1, 'admin', '/admin.php/file/ace_editor_config.html', '', '{\"type\":\"fontSize\",\"text\":\"16\"}', '127.0.0.1', 'Mozilla/5.0 (Windows NT 10.0; Win64; x64) AppleWebKit/537.36 (KHTML, like Gecko) Chrome/79.0.3945.117 Safari/537.36 Edg/79.0.309.65', 1579001588);
INSERT INTO `hui_admin_log` VALUES (277, 1, 'admin', '/admin.php/file/ace_editor_config.html', '', '{\"type\":\"fontSize\",\"text\":\"30\"}', '127.0.0.1', 'Mozilla/5.0 (Windows NT 10.0; Win64; x64) AppleWebKit/537.36 (KHTML, like Gecko) Chrome/79.0.3945.117 Safari/537.36 Edg/79.0.309.65', 1579001591);
INSERT INTO `hui_admin_log` VALUES (278, 1, 'admin', '/admin.php/file/ace_editor_config.html', '', '{\"type\":\"fontSize\",\"text\":\"35\"}', '127.0.0.1', 'Mozilla/5.0 (Windows NT 10.0; Win64; x64) AppleWebKit/537.36 (KHTML, like Gecko) Chrome/79.0.3945.117 Safari/537.36 Edg/79.0.309.65', 1579001594);
INSERT INTO `hui_admin_log` VALUES (279, 1, 'admin', '/admin.php/file/ace_editor_config.html', '', '{\"type\":\"fontSize\",\"text\":\"15\"}', '127.0.0.1', 'Mozilla/5.0 (Windows NT 10.0; Win64; x64) AppleWebKit/537.36 (KHTML, like Gecko) Chrome/79.0.3945.117 Safari/537.36 Edg/79.0.309.65', 1579001709);
INSERT INTO `hui_admin_log` VALUES (280, 1, 'admin', '/admin.php/file/ace_editor_config.html', '', '{\"type\":\"fontSize\",\"text\":\"10\"}', '127.0.0.1', 'Mozilla/5.0 (Windows NT 10.0; Win64; x64) AppleWebKit/537.36 (KHTML, like Gecko) Chrome/79.0.3945.117 Safari/537.36 Edg/79.0.309.65', 1579001712);
INSERT INTO `hui_admin_log` VALUES (281, 1, 'admin', '/admin.php/file/ace_editor_config.html', '', '{\"type\":\"fontSize\",\"text\":\"10\"}', '127.0.0.1', 'Mozilla/5.0 (Windows NT 10.0; Win64; x64) AppleWebKit/537.36 (KHTML, like Gecko) Chrome/79.0.3945.117 Safari/537.36 Edg/79.0.309.65', 1579001730);
INSERT INTO `hui_admin_log` VALUES (282, 1, 'admin', '/admin.php/file/ace_editor_config.html', '', '{\"type\":\"fontSize\",\"text\":\"10\"}', '127.0.0.1', 'Mozilla/5.0 (Windows NT 10.0; Win64; x64) AppleWebKit/537.36 (KHTML, like Gecko) Chrome/79.0.3945.117 Safari/537.36 Edg/79.0.309.65', 1579001768);
INSERT INTO `hui_admin_log` VALUES (283, 1, 'admin', '/admin.php/file/ace_editor_config.html', '', '{\"type\":\"fontSize\",\"text\":\"15\"}', '127.0.0.1', 'Mozilla/5.0 (Windows NT 10.0; Win64; x64) AppleWebKit/537.36 (KHTML, like Gecko) Chrome/79.0.3945.117 Safari/537.36 Edg/79.0.309.65', 1579001783);
INSERT INTO `hui_admin_log` VALUES (284, 1, 'admin', '/admin.php/file/ace_editor_config.html', '', '{\"type\":\"fontSize\",\"text\":\"19\"}', '127.0.0.1', 'Mozilla/5.0 (Windows NT 10.0; Win64; x64) AppleWebKit/537.36 (KHTML, like Gecko) Chrome/79.0.3945.117 Safari/537.36 Edg/79.0.309.65', 1579001790);
INSERT INTO `hui_admin_log` VALUES (285, 1, 'admin', '/admin.php/file/ace_editor_config.html', '', '{\"type\":\"fontSize\",\"text\":\"30\"}', '127.0.0.1', 'Mozilla/5.0 (Windows NT 10.0; Win64; x64) AppleWebKit/537.36 (KHTML, like Gecko) Chrome/79.0.3945.117 Safari/537.36 Edg/79.0.309.65', 1579001793);
INSERT INTO `hui_admin_log` VALUES (286, 1, 'admin', '/admin.php/file/ace_editor_config.html', '', '{\"type\":\"fontSize\",\"text\":\"15\"}', '127.0.0.1', 'Mozilla/5.0 (Windows NT 10.0; Win64; x64) AppleWebKit/537.36 (KHTML, like Gecko) Chrome/79.0.3945.117 Safari/537.36 Edg/79.0.309.65', 1579001834);
INSERT INTO `hui_admin_log` VALUES (287, 1, 'admin', '/admin.php/file/ace_editor_config.html', '', '{\"type\":\"fontSize\",\"text\":\"15\"}', '127.0.0.1', 'Mozilla/5.0 (Windows NT 10.0; Win64; x64) AppleWebKit/537.36 (KHTML, like Gecko) Chrome/79.0.3945.117 Safari/537.36 Edg/79.0.309.65', 1579001844);
INSERT INTO `hui_admin_log` VALUES (288, 1, 'admin', '/admin.php/file/ace_editor_config.html', '', '{\"type\":\"fontSize\",\"text\":\"30\"}', '127.0.0.1', 'Mozilla/5.0 (Windows NT 10.0; Win64; x64) AppleWebKit/537.36 (KHTML, like Gecko) Chrome/79.0.3945.117 Safari/537.36 Edg/79.0.309.65', 1579001865);
INSERT INTO `hui_admin_log` VALUES (289, 1, 'admin', '/admin.php/file/ace_editor_config.html', '', '{\"type\":\"fontSize\",\"text\":\"18\"}', '127.0.0.1', 'Mozilla/5.0 (Windows NT 10.0; Win64; x64) AppleWebKit/537.36 (KHTML, like Gecko) Chrome/79.0.3945.117 Safari/537.36 Edg/79.0.309.65', 1579001869);
INSERT INTO `hui_admin_log` VALUES (290, 1, 'admin', '/admin.php/file/ace_editor_config.html', '', '{\"type\":\"fontSize\",\"text\":\"15\"}', '127.0.0.1', 'Mozilla/5.0 (Windows NT 10.0; Win64; x64) AppleWebKit/537.36 (KHTML, like Gecko) Chrome/79.0.3945.117 Safari/537.36 Edg/79.0.309.65', 1579001906);
INSERT INTO `hui_admin_log` VALUES (291, 1, 'admin', '/admin.php/file/ace_editor_config.html', '', '{\"type\":\"fontSize\",\"text\":\"18\"}', '127.0.0.1', 'Mozilla/5.0 (Windows NT 10.0; Win64; x64) AppleWebKit/537.36 (KHTML, like Gecko) Chrome/79.0.3945.117 Safari/537.36 Edg/79.0.309.65', 1579001911);
INSERT INTO `hui_admin_log` VALUES (292, 1, 'admin', '/admin.php/file/ace_editor_config.html', '', '{\"type\":\"fontSize\",\"text\":\"15\"}', '127.0.0.1', 'Mozilla/5.0 (Windows NT 10.0; Win64; x64) AppleWebKit/537.36 (KHTML, like Gecko) Chrome/79.0.3945.117 Safari/537.36 Edg/79.0.309.65', 1579002513);
INSERT INTO `hui_admin_log` VALUES (293, 1, 'admin', '/admin.php/file/edit.html', '编辑文件', '{\"dosubmit\":\"1\",\"filename\":\"E%3A%5Cwwwroot%5C2001hui_tp51_auth%5Cpublic%5Cindex.php\"}', '127.0.0.1', 'Mozilla/5.0 (Windows NT 10.0; Win64; x64) AppleWebKit/537.36 (KHTML, like Gecko) Chrome/79.0.3945.117 Safari/537.36 Edg/79.0.309.65', 1579002784);
INSERT INTO `hui_admin_log` VALUES (294, 1, 'admin', '/admin.php/file/ace_editor_config.html', '', '{\"type\":\"fontSize\",\"text\":\"15\"}', '127.0.0.1', 'Mozilla/5.0 (Windows NT 10.0; Win64; x64) AppleWebKit/537.36 (KHTML, like Gecko) Chrome/79.0.3945.117 Safari/537.36 Edg/79.0.309.65', 1579003056);
INSERT INTO `hui_admin_log` VALUES (295, 1, 'admin', '/admin.php/file/ace_editor_config.html', '', '{\"type\":\"fontSize\",\"text\":\"30\"}', '127.0.0.1', 'Mozilla/5.0 (Windows NT 10.0; Win64; x64) AppleWebKit/537.36 (KHTML, like Gecko) Chrome/79.0.3945.117 Safari/537.36 Edg/79.0.309.65', 1579003062);
INSERT INTO `hui_admin_log` VALUES (296, 1, 'admin', '/admin.php/file/ace_editor_config.html', '', '{\"type\":\"fontSize\",\"text\":\"18\"}', '127.0.0.1', 'Mozilla/5.0 (Windows NT 10.0; Win64; x64) AppleWebKit/537.36 (KHTML, like Gecko) Chrome/79.0.3945.117 Safari/537.36 Edg/79.0.309.65', 1579003072);
INSERT INTO `hui_admin_log` VALUES (297, 1, 'admin', '/admin.php/file/ace_editor_config.html', '', '{\"type\":\"fontSize\",\"text\":\"30\"}', '127.0.0.1', 'Mozilla/5.0 (Windows NT 10.0; Win64; x64) AppleWebKit/537.36 (KHTML, like Gecko) Chrome/79.0.3945.117 Safari/537.36 Edg/79.0.309.65', 1579003239);
INSERT INTO `hui_admin_log` VALUES (298, 1, 'admin', '/admin.php/file/ace_editor_config.html', '', '{\"type\":\"fontSize\",\"text\":\"18\"}', '127.0.0.1', 'Mozilla/5.0 (Windows NT 10.0; Win64; x64) AppleWebKit/537.36 (KHTML, like Gecko) Chrome/79.0.3945.117 Safari/537.36 Edg/79.0.309.65', 1579003506);
INSERT INTO `hui_admin_log` VALUES (299, 1, 'admin', '/admin.php/file/ace_editor_config.html', '', '{\"type\":\"fontSize\",\"text\":\"18\"}', '127.0.0.1', 'Mozilla/5.0 (Windows NT 10.0; Win64; x64) AppleWebKit/537.36 (KHTML, like Gecko) Chrome/79.0.3945.117 Safari/537.36 Edg/79.0.309.65', 1579003754);
INSERT INTO `hui_admin_log` VALUES (300, 1, 'admin', '/admin.php/file/ace_editor_config.html', '', '{\"type\":\"fontSize\",\"text\":\"16\"}', '127.0.0.1', 'Mozilla/5.0 (Windows NT 10.0; Win64; x64) AppleWebKit/537.36 (KHTML, like Gecko) Chrome/79.0.3945.117 Safari/537.36 Edg/79.0.309.65', 1579004351);
INSERT INTO `hui_admin_log` VALUES (301, 1, 'admin', '/admin.php/file/ace_editor_config.html', '', '{\"type\":\"fontSize\",\"text\":\"25\"}', '127.0.0.1', 'Mozilla/5.0 (Windows NT 10.0; Win64; x64) AppleWebKit/537.36 (KHTML, like Gecko) Chrome/79.0.3945.117 Safari/537.36 Edg/79.0.309.65', 1579004463);
INSERT INTO `hui_admin_log` VALUES (302, 1, 'admin', '/admin.php/file/ace_editor_config.html', '', '{\"type\":\"fontSize\",\"text\":\"15\"}', '127.0.0.1', 'Mozilla/5.0 (Windows NT 10.0; Win64; x64) AppleWebKit/537.36 (KHTML, like Gecko) Chrome/79.0.3945.117 Safari/537.36 Edg/79.0.309.65', 1579004472);
INSERT INTO `hui_admin_log` VALUES (303, 1, 'admin', '/admin.php/file/ace_editor_config.html', '', '{\"type\":\"setTheme\",\"text\":\"eclipse\"}', '127.0.0.1', 'Mozilla/5.0 (Windows NT 10.0; Win64; x64) AppleWebKit/537.36 (KHTML, like Gecko) Chrome/79.0.3945.117 Safari/537.36 Edg/79.0.309.65', 1579006501);
INSERT INTO `hui_admin_log` VALUES (304, 1, 'admin', '/admin.php/file/ace_editor_config.html', '', '{\"type\":\"setTheme\",\"text\":\"eclipse\"}', '127.0.0.1', 'Mozilla/5.0 (Windows NT 10.0; Win64; x64) AppleWebKit/537.36 (KHTML, like Gecko) Chrome/79.0.3945.117 Safari/537.36 Edg/79.0.309.65', 1579006567);
INSERT INTO `hui_admin_log` VALUES (305, 1, 'admin', '/admin.php/file/ace_editor_config.html', '', '{\"type\":\"setTheme\",\"text\":\"monokai\"}', '127.0.0.1', 'Mozilla/5.0 (Windows NT 10.0; Win64; x64) AppleWebKit/537.36 (KHTML, like Gecko) Chrome/79.0.3945.117 Safari/537.36 Edg/79.0.309.65', 1579006569);
INSERT INTO `hui_admin_log` VALUES (306, 1, 'admin', '/admin.php/file/ace_editor_config.html', '', '{\"type\":\"setTheme\",\"text\":\"eclipse\"}', '127.0.0.1', 'Mozilla/5.0 (Windows NT 10.0; Win64; x64) AppleWebKit/537.36 (KHTML, like Gecko) Chrome/79.0.3945.117 Safari/537.36 Edg/79.0.309.65', 1579006570);
INSERT INTO `hui_admin_log` VALUES (307, 1, 'admin', '/admin.php/file/ace_editor_config.html', '', '{\"type\":\"setTheme\",\"text\":\"tomorrow_night_bright\"}', '127.0.0.1', 'Mozilla/5.0 (Windows NT 10.0; Win64; x64) AppleWebKit/537.36 (KHTML, like Gecko) Chrome/79.0.3945.117 Safari/537.36 Edg/79.0.309.65', 1579006571);
INSERT INTO `hui_admin_log` VALUES (308, 1, 'admin', '/admin.php/file/ace_editor_config.html', '', '{\"type\":\"setTheme\",\"text\":\"monokai\"}', '127.0.0.1', 'Mozilla/5.0 (Windows NT 10.0; Win64; x64) AppleWebKit/537.36 (KHTML, like Gecko) Chrome/79.0.3945.117 Safari/537.36 Edg/79.0.309.65', 1579006639);
INSERT INTO `hui_admin_log` VALUES (309, 1, 'admin', '/admin.php/file/ace_editor_config.html', '', '{\"type\":\"setTheme\",\"text\":\"tomorrow_night_bright\"}', '127.0.0.1', 'Mozilla/5.0 (Windows NT 10.0; Win64; x64) AppleWebKit/537.36 (KHTML, like Gecko) Chrome/79.0.3945.117 Safari/537.36 Edg/79.0.309.65', 1579006643);
INSERT INTO `hui_admin_log` VALUES (310, 1, 'admin', '/admin.php/file/ace_editor_config.html', '', '{\"type\":\"setTheme\",\"text\":\"eclipse\"}', '127.0.0.1', 'Mozilla/5.0 (Windows NT 10.0; Win64; x64) AppleWebKit/537.36 (KHTML, like Gecko) Chrome/79.0.3945.117 Safari/537.36 Edg/79.0.309.65', 1579006644);
INSERT INTO `hui_admin_log` VALUES (311, 1, 'admin', '/admin.php/file/ace_editor_config.html', '', '{\"type\":\"setTheme\",\"text\":\"monokai\"}', '127.0.0.1', 'Mozilla/5.0 (Windows NT 10.0; Win64; x64) AppleWebKit/537.36 (KHTML, like Gecko) Chrome/79.0.3945.117 Safari/537.36 Edg/79.0.309.65', 1579006646);
INSERT INTO `hui_admin_log` VALUES (312, 1, 'admin', '/admin.php/file/ace_editor_config.html', '', '{\"type\":\"setTheme\",\"text\":\"tomorrow_night_bright\"}', '127.0.0.1', 'Mozilla/5.0 (Windows NT 10.0; Win64; x64) AppleWebKit/537.36 (KHTML, like Gecko) Chrome/79.0.3945.117 Safari/537.36 Edg/79.0.309.65', 1579006647);
INSERT INTO `hui_admin_log` VALUES (313, 1, 'admin', '/admin.php/file/ace_editor_config.html', '', '{\"type\":\"setTheme\",\"text\":\"eclipse\"}', '127.0.0.1', 'Mozilla/5.0 (Windows NT 10.0; Win64; x64) AppleWebKit/537.36 (KHTML, like Gecko) Chrome/79.0.3945.117 Safari/537.36 Edg/79.0.309.65', 1579006650);
INSERT INTO `hui_admin_log` VALUES (314, 1, 'admin', '/admin.php/file/ace_editor_config.html', '', '{\"type\":\"setTheme\",\"text\":\"monokai\"}', '127.0.0.1', 'Mozilla/5.0 (Windows NT 10.0; Win64; x64) AppleWebKit/537.36 (KHTML, like Gecko) Chrome/79.0.3945.117 Safari/537.36 Edg/79.0.309.65', 1579006652);
INSERT INTO `hui_admin_log` VALUES (315, 1, 'admin', '/admin.php/file/ace_editor_config.html', '', '{\"type\":\"setTheme\",\"text\":\"tomorrow_night_bright\"}', '127.0.0.1', 'Mozilla/5.0 (Windows NT 10.0; Win64; x64) AppleWebKit/537.36 (KHTML, like Gecko) Chrome/79.0.3945.117 Safari/537.36 Edg/79.0.309.65', 1579006654);
INSERT INTO `hui_admin_log` VALUES (316, 1, 'admin', '/admin.php/file/ace_editor_config.html', '', '{\"type\":\"setTheme\",\"text\":\"eclipse\"}', '127.0.0.1', 'Mozilla/5.0 (Windows NT 10.0; Win64; x64) AppleWebKit/537.36 (KHTML, like Gecko) Chrome/79.0.3945.117 Safari/537.36 Edg/79.0.309.65', 1579006655);
INSERT INTO `hui_admin_log` VALUES (317, 1, 'admin', '/admin.php/file/ace_editor_config.html', '', '{\"type\":\"setTheme\",\"text\":\"monokai\"}', '127.0.0.1', 'Mozilla/5.0 (Windows NT 10.0; Win64; x64) AppleWebKit/537.36 (KHTML, like Gecko) Chrome/79.0.3945.117 Safari/537.36 Edg/79.0.309.65', 1579006656);
INSERT INTO `hui_admin_log` VALUES (318, 1, 'admin', '/admin.php/file/ace_editor_config.html', '', '{\"type\":\"setTheme\",\"text\":\"kr_theme\"}', '127.0.0.1', 'Mozilla/5.0 (Windows NT 10.0; Win64; x64) AppleWebKit/537.36 (KHTML, like Gecko) Chrome/79.0.3945.117 Safari/537.36 Edg/79.0.309.65', 1579006680);
INSERT INTO `hui_admin_log` VALUES (319, 1, 'admin', '/admin.php/file/ace_editor_config.html', '', '{\"type\":\"setTheme\",\"text\":\"eclipse\"}', '127.0.0.1', 'Mozilla/5.0 (Windows NT 10.0; Win64; x64) AppleWebKit/537.36 (KHTML, like Gecko) Chrome/79.0.3945.117 Safari/537.36 Edg/79.0.309.65', 1579006712);
INSERT INTO `hui_admin_log` VALUES (320, 1, 'admin', '/admin.php/file/ace_editor_config.html', '', '{\"type\":\"setTheme\",\"text\":\"monokai\"}', '127.0.0.1', 'Mozilla/5.0 (Windows NT 10.0; Win64; x64) AppleWebKit/537.36 (KHTML, like Gecko) Chrome/79.0.3945.117 Safari/537.36 Edg/79.0.309.65', 1579006714);
INSERT INTO `hui_admin_log` VALUES (321, 1, 'admin', '/admin.php/file/ace_editor_config.html', '', '{\"type\":\"setTheme\",\"text\":\"clouds_midnight\"}', '127.0.0.1', 'Mozilla/5.0 (Windows NT 10.0; Win64; x64) AppleWebKit/537.36 (KHTML, like Gecko) Chrome/79.0.3945.117 Safari/537.36 Edg/79.0.309.65', 1579006715);
INSERT INTO `hui_admin_log` VALUES (322, 1, 'admin', '/admin.php/file/ace_editor_config.html', '', '{\"type\":\"setTheme\",\"text\":\"monokai\"}', '127.0.0.1', 'Mozilla/5.0 (Windows NT 10.0; Win64; x64) AppleWebKit/537.36 (KHTML, like Gecko) Chrome/79.0.3945.117 Safari/537.36 Edg/79.0.309.65', 1579006753);
INSERT INTO `hui_admin_log` VALUES (323, 1, 'admin', '/admin.php/file/ace_editor_config.html', '', '{\"type\":\"setTheme\",\"text\":\"clouds_midnight\"}', '127.0.0.1', 'Mozilla/5.0 (Windows NT 10.0; Win64; x64) AppleWebKit/537.36 (KHTML, like Gecko) Chrome/79.0.3945.117 Safari/537.36 Edg/79.0.309.65', 1579006754);
INSERT INTO `hui_admin_log` VALUES (324, 1, 'admin', '/admin.php/file/ace_editor_config.html', '', '{\"type\":\"setTheme\",\"text\":\"tomorrow_night_bright\"}', '127.0.0.1', 'Mozilla/5.0 (Windows NT 10.0; Win64; x64) AppleWebKit/537.36 (KHTML, like Gecko) Chrome/79.0.3945.117 Safari/537.36 Edg/79.0.309.65', 1579006756);
INSERT INTO `hui_admin_log` VALUES (325, 1, 'admin', '/admin.php/file/ace_editor_config.html', '', '{\"type\":\"setTheme\",\"text\":\"clouds_midnight\"}', '127.0.0.1', 'Mozilla/5.0 (Windows NT 10.0; Win64; x64) AppleWebKit/537.36 (KHTML, like Gecko) Chrome/79.0.3945.117 Safari/537.36 Edg/79.0.309.65', 1579006758);
INSERT INTO `hui_admin_log` VALUES (326, 1, 'admin', '/admin.php/file/ace_editor_config.html', '', '{\"type\":\"setTheme\",\"text\":\"tomorrow_night_bright\"}', '127.0.0.1', 'Mozilla/5.0 (Windows NT 10.0; Win64; x64) AppleWebKit/537.36 (KHTML, like Gecko) Chrome/79.0.3945.117 Safari/537.36 Edg/79.0.309.65', 1579006771);
INSERT INTO `hui_admin_log` VALUES (327, 1, 'admin', '/admin.php/file/ace_editor_config.html', '', '{\"type\":\"setTheme\",\"text\":\"eclipse\"}', '127.0.0.1', 'Mozilla/5.0 (Windows NT 10.0; Win64; x64) AppleWebKit/537.36 (KHTML, like Gecko) Chrome/79.0.3945.117 Safari/537.36 Edg/79.0.309.65', 1579006773);
INSERT INTO `hui_admin_log` VALUES (328, 1, 'admin', '/admin.php/file/ace_editor_config.html', '', '{\"type\":\"setTheme\",\"text\":\"monokai\"}', '127.0.0.1', 'Mozilla/5.0 (Windows NT 10.0; Win64; x64) AppleWebKit/537.36 (KHTML, like Gecko) Chrome/79.0.3945.117 Safari/537.36 Edg/79.0.309.65', 1579006774);
INSERT INTO `hui_admin_log` VALUES (329, 1, 'admin', '/admin.php/file/ace_editor_config.html', '', '{\"type\":\"setTheme\",\"text\":\"tomorrow\"}', '127.0.0.1', 'Mozilla/5.0 (Windows NT 10.0; Win64; x64) AppleWebKit/537.36 (KHTML, like Gecko) Chrome/79.0.3945.117 Safari/537.36 Edg/79.0.309.65', 1579006813);
INSERT INTO `hui_admin_log` VALUES (330, 1, 'admin', '/admin.php/file/ace_editor_config.html', '', '{\"type\":\"setTheme\",\"text\":\"eclipse\"}', '127.0.0.1', 'Mozilla/5.0 (Windows NT 10.0; Win64; x64) AppleWebKit/537.36 (KHTML, like Gecko) Chrome/79.0.3945.117 Safari/537.36 Edg/79.0.309.65', 1579006819);
INSERT INTO `hui_admin_log` VALUES (331, 1, 'admin', '/admin.php/file/ace_editor_config.html', '', '{\"type\":\"setTheme\",\"text\":\"tomorrow_night_bright\"}', '127.0.0.1', 'Mozilla/5.0 (Windows NT 10.0; Win64; x64) AppleWebKit/537.36 (KHTML, like Gecko) Chrome/79.0.3945.117 Safari/537.36 Edg/79.0.309.65', 1579006840);
INSERT INTO `hui_admin_log` VALUES (332, 1, 'admin', '/admin.php/file/ace_editor_config.html', '', '{\"type\":\"setTheme\",\"text\":\"monokai\"}', '127.0.0.1', 'Mozilla/5.0 (Windows NT 10.0; Win64; x64) AppleWebKit/537.36 (KHTML, like Gecko) Chrome/79.0.3945.117 Safari/537.36 Edg/79.0.309.65', 1579006843);
INSERT INTO `hui_admin_log` VALUES (333, 1, 'admin', '/admin.php/file/ace_editor_config.html', '', '{\"type\":\"setTheme\",\"text\":\"tomorrow_night_bright\"}', '127.0.0.1', 'Mozilla/5.0 (Windows NT 10.0; Win64; x64) AppleWebKit/537.36 (KHTML, like Gecko) Chrome/79.0.3945.117 Safari/537.36 Edg/79.0.309.65', 1579006908);
INSERT INTO `hui_admin_log` VALUES (334, 1, 'admin', '/admin.php/file/ace_editor_config.html', '', '{\"type\":\"setTheme\",\"text\":\"eclipse\"}', '127.0.0.1', 'Mozilla/5.0 (Windows NT 10.0; Win64; x64) AppleWebKit/537.36 (KHTML, like Gecko) Chrome/79.0.3945.117 Safari/537.36 Edg/79.0.309.65', 1579006910);
INSERT INTO `hui_admin_log` VALUES (335, 1, 'admin', '/admin.php/file/ace_editor_config.html', '', '{\"type\":\"setTheme\",\"text\":\"monokai\"}', '127.0.0.1', 'Mozilla/5.0 (Windows NT 10.0; Win64; x64) AppleWebKit/537.36 (KHTML, like Gecko) Chrome/79.0.3945.117 Safari/537.36 Edg/79.0.309.65', 1579006911);
INSERT INTO `hui_admin_log` VALUES (336, 1, 'admin', '/admin.php/file/ace_editor_config.html', '', '{\"type\":\"setTheme\",\"text\":\"tomorrow\"}', '127.0.0.1', 'Mozilla/5.0 (Windows NT 10.0; Win64; x64) AppleWebKit/537.36 (KHTML, like Gecko) Chrome/79.0.3945.117 Safari/537.36 Edg/79.0.309.65', 1579006912);
INSERT INTO `hui_admin_log` VALUES (337, 1, 'admin', '/admin.php/file/ace_editor_config.html', '', '{\"type\":\"setTheme\",\"text\":\"monokai\"}', '127.0.0.1', 'Mozilla/5.0 (Windows NT 10.0; Win64; x64) AppleWebKit/537.36 (KHTML, like Gecko) Chrome/79.0.3945.117 Safari/537.36 Edg/79.0.309.65', 1579007590);
INSERT INTO `hui_admin_log` VALUES (338, 1, 'admin', '/admin.php/login/index.html', '登录', '{\"username\":\"admin\",\"dosubmit\":\"1\"}', '127.0.0.1', 'Mozilla/5.0 (Windows NT 10.0; Win64; x64) AppleWebKit/537.36 (KHTML, like Gecko) Chrome/79.0.3945.117 Safari/537.36 Edg/79.0.309.65', 1579048008);
INSERT INTO `hui_admin_log` VALUES (339, 1, 'admin', '/admin.php/auth.rule/rule_add.html', '权限管理 添加菜单规则', '{\"ismenu\":\"1\",\"pid\":\"25\",\"title\":\"\\u6587\\u4ef6\\u4e0a\\u4f20\\u6d4b\\u8bd5\",\"name\":\"upload_test\",\"icon\":\"icon-round_text_fill\",\"condition\":\"\",\"status\":\"normal\",\"weigh\":\"98\",\"dosubmit\":\"1\"}', '127.0.0.1', 'Mozilla/5.0 (Windows NT 10.0; Win64; x64) AppleWebKit/537.36 (KHTML, like Gecko) Chrome/79.0.3945.117 Safari/537.36 Edg/79.0.309.65', 1579048846);
INSERT INTO `hui_admin_log` VALUES (340, 1, 'admin', '/admin.php/auth.rule/rule_edit.html', '权限管理 修改菜单规则', '{\"ismenu\":\"1\",\"pid\":\"25\",\"title\":\"\\u6587\\u4ef6\\u4e0a\\u4f20\\u6d4b\\u8bd5\",\"name\":\"upload_test\\/index\",\"icon\":\"icon-round_text_fill\",\"condition\":\"\",\"status\":\"normal\",\"weigh\":\"98\",\"id\":\"38\",\"dosubmit\":\"1\"}', '127.0.0.1', 'Mozilla/5.0 (Windows NT 10.0; Win64; x64) AppleWebKit/537.36 (KHTML, like Gecko) Chrome/79.0.3945.117 Safari/537.36 Edg/79.0.309.65', 1579048937);
INSERT INTO `hui_admin_log` VALUES (341, 1, 'admin', '/admin.php/upload/index.html', '', '[]', '127.0.0.1', 'Mozilla/5.0 (Windows NT 10.0; Win64; x64) AppleWebKit/537.36 (KHTML, like Gecko) Chrome/79.0.3945.117 Safari/537.36 Edg/79.0.309.65', 1579050254);
INSERT INTO `hui_admin_log` VALUES (342, 1, 'admin', '/admin.php/upload/index.html', '', '[]', '127.0.0.1', 'Mozilla/5.0 (Windows NT 10.0; Win64; x64) AppleWebKit/537.36 (KHTML, like Gecko) Chrome/79.0.3945.117 Safari/537.36 Edg/79.0.309.65', 1579050530);
INSERT INTO `hui_admin_log` VALUES (343, 1, 'admin', '/admin.php/upload/index.html', '', '[]', '127.0.0.1', 'Mozilla/5.0 (Windows NT 10.0; Win64; x64) AppleWebKit/537.36 (KHTML, like Gecko) Chrome/79.0.3945.117 Safari/537.36 Edg/79.0.309.65', 1579050548);
INSERT INTO `hui_admin_log` VALUES (344, 1, 'admin', '/admin.php/upload/index.html', '', '[]', '127.0.0.1', 'Mozilla/5.0 (Windows NT 10.0; Win64; x64) AppleWebKit/537.36 (KHTML, like Gecko) Chrome/79.0.3945.117 Safari/537.36 Edg/79.0.309.65', 1579050830);
INSERT INTO `hui_admin_log` VALUES (345, 1, 'admin', '/admin.php/upload/index.html', '', '[]', '127.0.0.1', 'Mozilla/5.0 (Windows NT 10.0; Win64; x64) AppleWebKit/537.36 (KHTML, like Gecko) Chrome/79.0.3945.117 Safari/537.36 Edg/79.0.309.65', 1579050886);
INSERT INTO `hui_admin_log` VALUES (346, 1, 'admin', '/admin.php/upload/index.html', '', '[]', '127.0.0.1', 'Mozilla/5.0 (Windows NT 10.0; Win64; x64) AppleWebKit/537.36 (KHTML, like Gecko) Chrome/79.0.3945.117 Safari/537.36 Edg/79.0.309.65', 1579050970);
INSERT INTO `hui_admin_log` VALUES (347, 1, 'admin', '/admin.php/general.config/save.html', '常规管理 保存设置', '{\"site_name\":\"HuiCmf - \\u6f14\\u793a\\u7ad93\",\"site_url\":\"http:\\/\\/test2.com\\/\",\"site_keyword\":\"huicmf\",\"site_copyright\":\"Powered By HuiCMF\\u5185\\u5bb9\\u7ba1\\u7406\\u7cfb\\u7edf \\u00a9 2018-2020 \\u5c0f\\u7070\\u7070\\u5de5\\u4f5c\\u5ba4\",\"site_beian\":\"\\u4eacICP\\u5907666666\\u53f7\",\"site_code\":\"\",\"admin_prohibit_ip\":\"\",\"admin_log\":\"1\",\"login_code\":\"0\",\"mail_server\":\"smtp.exmail.qq.com\",\"mail_port\":\"465\",\"mail_user\":\"\",\"mail_pass\":\"\",\"mail_inbox\":\"\",\"mail_to\":\"\",\"upload_maxsize\":\"3048\",\"upload_types\":\"zip|rar|mp3|mp4|jpg|jpeg|png|gif|bmp\",\"watermark_enable\":\"1\",\"watermark_name\":\"mark.png\",\"watermark_position\":\"9\",\"watermark_touming\":\"73\",\"upload_mode\":\"local\",\"ftp_path\":\"\\/uploads\\/\",\"ftp_host\":\"45.32.214.79\",\"ftp_port\":\"21\",\"ftp_user\":\"ftp_com\",\"ftp_pwd\":\"sJ65wTnhmYPe2k5A\",\"ftp_url\":\"http:\\/\\/222.com\",\"dosubmit\":\"1\"}', '127.0.0.1', 'Mozilla/5.0 (Windows NT 10.0; Win64; x64) AppleWebKit/537.36 (KHTML, like Gecko) Chrome/79.0.3945.117 Safari/537.36 Edg/79.0.309.65', 1579050988);
INSERT INTO `hui_admin_log` VALUES (348, 1, 'admin', '/admin.php/upload/index.html', '', '[]', '127.0.0.1', 'Mozilla/5.0 (Windows NT 10.0; Win64; x64) AppleWebKit/537.36 (KHTML, like Gecko) Chrome/79.0.3945.117 Safari/537.36 Edg/79.0.309.65', 1579050995);
INSERT INTO `hui_admin_log` VALUES (349, 1, 'admin', '/admin.php/upload/index.html', '', '[]', '127.0.0.1', 'Mozilla/5.0 (Windows NT 10.0; Win64; x64) AppleWebKit/537.36 (KHTML, like Gecko) Chrome/79.0.3945.117 Safari/537.36 Edg/79.0.309.65', 1579051576);
INSERT INTO `hui_admin_log` VALUES (350, 1, 'admin', '/admin.php/ueditor/index.html?action=uploadimage', '', '{\"action\":\"uploadimage\"}', '127.0.0.1', 'Mozilla/5.0 (Windows NT 10.0; Win64; x64) AppleWebKit/537.36 (KHTML, like Gecko) Chrome/79.0.3945.117 Safari/537.36 Edg/79.0.309.65', 1579052876);
INSERT INTO `hui_admin_log` VALUES (351, 1, 'admin', '/admin.php/ueditor/index.html?action=uploadimage', '', '{\"action\":\"uploadimage\"}', '127.0.0.1', 'Mozilla/5.0 (Windows NT 10.0; Win64; x64) AppleWebKit/537.36 (KHTML, like Gecko) Chrome/79.0.3945.117 Safari/537.36 Edg/79.0.309.65', 1579053321);

-- ----------------------------
-- Table structure for hui_auth_group
-- ----------------------------
DROP TABLE IF EXISTS `hui_auth_group`;
CREATE TABLE `hui_auth_group`  (
  `id` int(10) UNSIGNED NOT NULL AUTO_INCREMENT,
  `pid` int(10) UNSIGNED NOT NULL DEFAULT 0 COMMENT '父组别',
  `name` varchar(100) CHARACTER SET utf8 COLLATE utf8_general_ci NOT NULL DEFAULT '' COMMENT '组名',
  `rules` text CHARACTER SET utf8 COLLATE utf8_general_ci NOT NULL COMMENT '规则ID',
  `createtime` int(10) DEFAULT NULL COMMENT '创建时间',
  `updatetime` int(10) DEFAULT NULL COMMENT '更新时间',
  `status` varchar(30) CHARACTER SET utf8 COLLATE utf8_general_ci NOT NULL DEFAULT '' COMMENT '状态',
  PRIMARY KEY (`id`) USING BTREE
) ENGINE = InnoDB AUTO_INCREMENT = 7 CHARACTER SET = utf8 COLLATE = utf8_general_ci COMMENT = '分组表' ROW_FORMAT = Compact;

-- ----------------------------
-- Records of hui_auth_group
-- ----------------------------
INSERT INTO `hui_auth_group` VALUES (1, 0, '超级管理员', '*', 1490883540, 149088354, 'normal');
INSERT INTO `hui_auth_group` VALUES (2, 1, '项目总监', '1,18,19,21,22,2,3,15,16,5,12,13', 1490883540, 1578380367, 'normal');
INSERT INTO `hui_auth_group` VALUES (3, 2, '程序部', '1,18,19,21,22,2,3,15,16,5,12,13', 1490883540, 1578380372, 'normal');
INSERT INTO `hui_auth_group` VALUES (4, 3, '普通员工', '1,18,21,22,2,3,15,16,5', 1577708214, 1578382027, 'normal');
INSERT INTO `hui_auth_group` VALUES (5, 2, '策划组', '1,18,2,3,5', 1577771823, 1578380367, 'normal');
INSERT INTO `hui_auth_group` VALUES (6, 2, '竞价组', '1,2,5', 1577771853, 1578380367, 'normal');

-- ----------------------------
-- Table structure for hui_auth_group_access
-- ----------------------------
DROP TABLE IF EXISTS `hui_auth_group_access`;
CREATE TABLE `hui_auth_group_access`  (
  `uid` int(10) UNSIGNED NOT NULL COMMENT '会员ID',
  `group_id` int(10) UNSIGNED NOT NULL COMMENT '级别ID',
  UNIQUE INDEX `uid_group_id`(`uid`, `group_id`) USING BTREE,
  INDEX `uid`(`uid`) USING BTREE,
  INDEX `group_id`(`group_id`) USING BTREE
) ENGINE = InnoDB CHARACTER SET = utf8 COLLATE = utf8_general_ci COMMENT = '权限分组表' ROW_FORMAT = Compact;

-- ----------------------------
-- Records of hui_auth_group_access
-- ----------------------------
INSERT INTO `hui_auth_group_access` VALUES (1, 1);
INSERT INTO `hui_auth_group_access` VALUES (2, 3);
INSERT INTO `hui_auth_group_access` VALUES (3, 4);
INSERT INTO `hui_auth_group_access` VALUES (4, 4);
INSERT INTO `hui_auth_group_access` VALUES (5, 4);
INSERT INTO `hui_auth_group_access` VALUES (5, 5);

-- ----------------------------
-- Table structure for hui_auth_rule
-- ----------------------------
DROP TABLE IF EXISTS `hui_auth_rule`;
CREATE TABLE `hui_auth_rule`  (
  `id` int(10) UNSIGNED NOT NULL AUTO_INCREMENT,
  `type` enum('menu','file') CHARACTER SET utf8 COLLATE utf8_general_ci NOT NULL DEFAULT 'file' COMMENT 'menu为菜单,file为权限节点',
  `pid` int(10) UNSIGNED NOT NULL DEFAULT 0 COMMENT '父ID',
  `name` varchar(100) CHARACTER SET utf8 COLLATE utf8_general_ci NOT NULL DEFAULT '' COMMENT '规则名称',
  `title` varchar(50) CHARACTER SET utf8 COLLATE utf8_general_ci NOT NULL DEFAULT '' COMMENT '规则名称',
  `icon` varchar(50) CHARACTER SET utf8 COLLATE utf8_general_ci NOT NULL DEFAULT '' COMMENT '图标',
  `condition` varchar(255) CHARACTER SET utf8 COLLATE utf8_general_ci NOT NULL DEFAULT '' COMMENT '条件',
  `remark` varchar(255) CHARACTER SET utf8 COLLATE utf8_general_ci NOT NULL DEFAULT '' COMMENT '备注',
  `ismenu` tinyint(1) UNSIGNED NOT NULL DEFAULT 0 COMMENT '是否为菜单',
  `createtime` int(10) DEFAULT NULL COMMENT '创建时间',
  `updatetime` int(10) DEFAULT NULL COMMENT '更新时间',
  `weigh` int(10) NOT NULL DEFAULT 0 COMMENT '权重',
  `status` varchar(30) CHARACTER SET utf8 COLLATE utf8_general_ci NOT NULL DEFAULT '' COMMENT '状态',
  PRIMARY KEY (`id`) USING BTREE,
  UNIQUE INDEX `name`(`name`) USING BTREE,
  INDEX `pid`(`pid`) USING BTREE,
  INDEX `weigh`(`weigh`) USING BTREE
) ENGINE = InnoDB AUTO_INCREMENT = 39 CHARACTER SET = utf8 COLLATE = utf8_general_ci COMMENT = '节点表' ROW_FORMAT = Compact;

-- ----------------------------
-- Records of hui_auth_rule
-- ----------------------------
INSERT INTO `hui_auth_rule` VALUES (1, 'file', 0, 'general', '常规管理', 'icon-settings', '0', '0', 1, 1497429920, 1497430169, 11, 'normal');
INSERT INTO `hui_auth_rule` VALUES (2, 'file', 0, 'auth', '权限管理', 'icon-group', '0', '0', 1, 1497429920, 1577703004, 12, 'normal');
INSERT INTO `hui_auth_rule` VALUES (3, 'file', 2, 'auth.admin/index', '管理员管理', 'icon-friendfill', '0', 'Admin0tips', 1, 1497429920, 1578300525, 1, 'normal');
INSERT INTO `hui_auth_rule` VALUES (4, 'file', 1, 'general.database/index', '数据库管理', 'icon-discoverfill', '0', 'Admin0log0tips', 1, 1497429920, 1578302732, 99, 'normal');
INSERT INTO `hui_auth_rule` VALUES (5, 'file', 2, 'auth.group/index', '角色组', 'icon-group_fill_light', '0', 'Group0tips', 1, 1497429920, 1578381137, 2, 'normal');
INSERT INTO `hui_auth_rule` VALUES (6, 'file', 2, 'auth.rule/index', '菜单规则', 'icon-round_menu_fill', '0', 'Rule0tips', 1, 1497429920, 1578302765, 3, 'normal');
INSERT INTO `hui_auth_rule` VALUES (7, 'file', 6, 'auth.rule/rule_switch_field', '更改状态', 'icon-round_text_fill', '0', '0', 0, 0, 1578300629, 0, 'normal');
INSERT INTO `hui_auth_rule` VALUES (8, 'file', 6, 'auth.rule/rule/rule_order', '排序', 'icon-round_text_fill', '0', '0', 0, 1577603451, 1578300640, 2, 'normal');
INSERT INTO `hui_auth_rule` VALUES (9, 'file', 6, 'auth.rule/rule_add', '添加菜单规则', 'icon-round_text_fill', '0', '0', 0, 1577610841, 1578300663, 3, 'normal');
INSERT INTO `hui_auth_rule` VALUES (10, 'file', 6, 'auth.rule/rule_edit', '修改菜单规则', 'icon-round_text_fill', '0', '0', 0, 1577756921, 1578300647, 4, 'normal');
INSERT INTO `hui_auth_rule` VALUES (11, 'file', 6, 'auth.rule/rule_delete', '删除菜单规则', 'icon-round_text_fill', '0', '0', 0, 1577756963, 1578300652, 5, 'normal');
INSERT INTO `hui_auth_rule` VALUES (12, 'file', 5, 'auth.group/group_add', '添加角色组', 'icon-round_text_fill', '0', '0', 0, 1577777043, 1578300224, 1, 'normal');
INSERT INTO `hui_auth_rule` VALUES (13, 'file', 5, 'auth.group/group_edit', '修改角色组', 'icon-round_text_fill', '0', '0', 0, 1577777099, 1578378879, 2, 'normal');
INSERT INTO `hui_auth_rule` VALUES (14, 'file', 5, 'auth.group/group_delete', '删除角色组', 'icon-round_text_fill', '0', '0', 0, 1577777115, 1578300240, 3, 'normal');
INSERT INTO `hui_auth_rule` VALUES (15, 'file', 3, 'auth.admin/admin_add', '添加管理员', 'icon-round_text_fill', '0', '0', 0, 1577943638, 1578300539, 1, 'normal');
INSERT INTO `hui_auth_rule` VALUES (16, 'file', 3, 'auth.admin/admin_edit', '修改管理员', 'icon-round_text_fill', '0', '0', 0, 1577943650, 1578300545, 2, 'normal');
INSERT INTO `hui_auth_rule` VALUES (17, 'file', 3, 'auth.admin/admin_delete', '删除管理员', 'icon-round_text_fill', '0', '0', 0, 1577943664, 1578300555, 3, 'normal');
INSERT INTO `hui_auth_rule` VALUES (18, 'file', 1, 'general.adminlog/index', '管理员日志', 'icon-newsfill', '', '', 1, 1578186256, 1578300731, 98, 'normal');
INSERT INTO `hui_auth_rule` VALUES (19, 'file', 18, 'general.adminlog/detail', '详情', 'icon-round_text_fill', '', '', 0, 1578191905, 1578300751, 1, 'normal');
INSERT INTO `hui_auth_rule` VALUES (20, 'file', 18, 'general.adminlog/delete', '删除', 'icon-round_text_fill', '', '', 0, 1578191920, 1578300756, 2, 'normal');
INSERT INTO `hui_auth_rule` VALUES (21, 'file', 1, 'general.profile/index', '个人资料', 'icon-peoplefill', '', '', 1, 1578302691, 1578302998, 1, 'normal');
INSERT INTO `hui_auth_rule` VALUES (22, 'file', 21, 'general.profile/update', '修改资料', 'icon-round_text_fill', '', '', 0, 1578379925, 1578382485, 1, 'normal');
INSERT INTO `hui_auth_rule` VALUES (23, 'file', 4, 'general.database/backup', '数据库备份', 'icon-round_text_fill', '', '', 0, 1578382377, 0, 1, 'normal');
INSERT INTO `hui_auth_rule` VALUES (24, 'file', 4, 'general.database/restore', '数据库还原', 'icon-round_text_fill', '', '', 0, 1578382416, 0, 2, 'normal');
INSERT INTO `hui_auth_rule` VALUES (25, 'file', 0, 'modules', '模块管理', 'icon-cascades', '', '', 1, 1578529506, 1578810283, 10, 'normal');
INSERT INTO `hui_auth_rule` VALUES (26, 'file', 25, 'link/index', '友情链接管理', 'icon-round_link_fill', '', '', 1, 1578529679, 1578876536, 1, 'normal');
INSERT INTO `hui_auth_rule` VALUES (27, 'file', 1, 'general.config/index', '系统设置', 'icon-repairfill', '', '', 1, 1578529853, 1578529870, 2, 'normal');
INSERT INTO `hui_auth_rule` VALUES (28, 'file', 25, 'file/index', '文件管理器', 'icon-form_fill_light', '', '', 1, 1578529983, 1578886060, 99, 'normal');
INSERT INTO `hui_auth_rule` VALUES (29, 'file', 27, 'general.config/update', '修改设置', 'icon-round_text_fill', '', '', 0, 1578530130, 0, 1, 'normal');
INSERT INTO `hui_auth_rule` VALUES (30, 'file', 27, 'general.config/public_check_ftp', '测试FTP连接', 'icon-round_text_fill', '', '', 0, 1578623211, 1578623224, 2, 'normal');
INSERT INTO `hui_auth_rule` VALUES (31, 'file', 4, 'general.database/optimize', '优化表', 'icon-round_text_fill', '', '', 0, 1578623434, 1578623499, 3, 'normal');
INSERT INTO `hui_auth_rule` VALUES (32, 'file', 4, 'general.database/repair', '修复表', 'icon-round_text_fill', '', '', 0, 1578623484, 1578623509, 4, 'normal');
INSERT INTO `hui_auth_rule` VALUES (33, 'file', 27, 'general.config/save', '保存设置', 'icon-round_text_fill', '', '', 0, 1578726698, 0, 0, 'normal');
INSERT INTO `hui_auth_rule` VALUES (34, 'file', 27, 'general.config/public_mail_test', '发送测试邮件', 'icon-round_text_fill', '', '', 0, 1578726728, 0, 4, 'normal');
INSERT INTO `hui_auth_rule` VALUES (35, 'file', 28, 'file/edit', '编辑文件', 'icon-round_text_fill', '', '', 0, 1578879148, NULL, 1, 'normal');
INSERT INTO `hui_auth_rule` VALUES (36, 'file', 28, 'file/del', '删除文件', 'icon-round_text_fill', '', '', 0, 1578879186, NULL, 2, 'normal');
INSERT INTO `hui_auth_rule` VALUES (37, 'file', 28, 'file/down', '下载文件', 'icon-round_text_fill', '', '', 0, 1578879207, NULL, 3, 'normal');
INSERT INTO `hui_auth_rule` VALUES (38, 'file', 25, 'upload_test/index', '文件上传测试', 'icon-round_text_fill', '', '', 1, 1579048846, 1579048937, 98, 'normal');

-- ----------------------------
-- Table structure for hui_config
-- ----------------------------
DROP TABLE IF EXISTS `hui_config`;
CREATE TABLE `hui_config`  (
  `id` int(10) UNSIGNED NOT NULL AUTO_INCREMENT,
  `name` varchar(60) CHARACTER SET utf8 COLLATE utf8_general_ci NOT NULL DEFAULT '' COMMENT '配置名称',
  `type` tinyint(3) UNSIGNED NOT NULL DEFAULT 0 COMMENT '配置类型',
  `title` varchar(60) CHARACTER SET utf8 COLLATE utf8_general_ci NOT NULL DEFAULT '' COMMENT '配置说明',
  `value` text CHARACTER SET utf8 COLLATE utf8_general_ci NOT NULL COMMENT '配置值',
  `fieldtype` varchar(20) CHARACTER SET utf8 COLLATE utf8_general_ci NOT NULL DEFAULT '' COMMENT '字段类型',
  `setting` text CHARACTER SET utf8 COLLATE utf8_general_ci NOT NULL COMMENT '字段设置',
  `status` tinyint(3) UNSIGNED NOT NULL DEFAULT 1 COMMENT '状态',
  `tips` varchar(255) CHARACTER SET utf8 COLLATE utf8_general_ci DEFAULT NULL,
  PRIMARY KEY (`id`) USING BTREE,
  UNIQUE INDEX `name`(`name`) USING BTREE,
  INDEX `type`(`type`) USING BTREE
) ENGINE = InnoDB AUTO_INCREMENT = 31 CHARACTER SET = utf8 COLLATE = utf8_general_ci ROW_FORMAT = Dynamic;

-- ----------------------------
-- Records of hui_config
-- ----------------------------
INSERT INTO `hui_config` VALUES (1, 'site_name', 1, '站点名称', 'HuiCmf - 演示站3', 'string', '', 1, '');
INSERT INTO `hui_config` VALUES (2, 'site_url', 1, '站点跟网址', 'http://test2.com/', 'string', '', 1, '');
INSERT INTO `hui_config` VALUES (3, 'admin_log', 3, '启用后台管理操作日志', '1', 'radio', '', 1, '');
INSERT INTO `hui_config` VALUES (4, 'site_keyword', 1, '站点关键字', 'huicmf', 'string', '', 1, '');
INSERT INTO `hui_config` VALUES (5, 'site_copyright', 1, '网站版权信息', 'Powered By HuiCMF内容管理系统 © 2018-2020 小灰灰工作室', 'string', '', 1, '');
INSERT INTO `hui_config` VALUES (6, 'site_beian', 1, '站点备案号', '京ICP备666666号', 'string', '', 1, '');
INSERT INTO `hui_config` VALUES (7, 'site_description', 1, '站点描述', '我是描述', 'text', '', 1, '');
INSERT INTO `hui_config` VALUES (8, 'site_code', 1, '统计代码', '', 'text', '', 1, '');
INSERT INTO `hui_config` VALUES (9, 'admin_prohibit_ip', 3, '禁止登录后台的IP', '', 'text', '', 1, '');
INSERT INTO `hui_config` VALUES (10, 'mail_server', 4, 'SMTP服务器', 'smtp.exmail.qq.com', 'string', '', 1, '');
INSERT INTO `hui_config` VALUES (11, 'mail_port', 4, 'SMTP服务器端口', '465', 'string', '', 1, '');
INSERT INTO `hui_config` VALUES (13, 'mail_user', 4, 'SMTP服务器的用户帐号', '', 'string', '', 1, '');
INSERT INTO `hui_config` VALUES (14, 'mail_pass', 4, 'SMTP服务器的用户密码', '', 'string', '', 1, '');
INSERT INTO `hui_config` VALUES (15, 'mail_inbox', 4, '收件邮箱地址', '', 'string', '', 1, '');
INSERT INTO `hui_config` VALUES (16, 'mail_auth', 4, 'AUTH LOGIN验证', '1', 'string', '', 1, '');
INSERT INTO `hui_config` VALUES (17, 'login_code', 3, '后台登录验证码', '0', 'radio', '', 1, '');
INSERT INTO `hui_config` VALUES (18, 'upload_maxsize', 2, '允许上传附件大小', '3048', 'string', '', 1, '');
INSERT INTO `hui_config` VALUES (19, 'watermark_enable', 2, '是否开启图片水印', '1', 'radio', '{\"0\":\"否\",\"1\":\"是\"}', 1, '');
INSERT INTO `hui_config` VALUES (20, 'watermark_name', 2, '水印图片名称', 'mark.png', 'string', '', 1, '');
INSERT INTO `hui_config` VALUES (21, 'watermark_position', 2, '水印的位置', '9', 'string', '', 1, '');
INSERT INTO `hui_config` VALUES (22, 'watermark_touming', 2, '水印透明度', '73', 'string', '', 1, '');
INSERT INTO `hui_config` VALUES (23, 'upload_types', 2, '允许上传类型', 'zip|rar|mp3|mp4|jpg|jpeg|png|gif|bmp', 'string', '', 1, '');
INSERT INTO `hui_config` VALUES (24, 'upload_mode', 2, '图片上传方式', 'local', 'string', '', 1, '');
INSERT INTO `hui_config` VALUES (25, 'ftp_host', 2, 'FTP服务器地址', '45.32.214.79', 'string', ' ', 1, '');
INSERT INTO `hui_config` VALUES (26, 'ftp_port', 2, 'FTP端口', '21', 'string', ' ', 1, '');
INSERT INTO `hui_config` VALUES (27, 'ftp_user', 2, 'FTP账号', 'ftp_com', 'string', ' ', 1, '');
INSERT INTO `hui_config` VALUES (28, 'ftp_pwd', 2, 'FTP密码', 'sJ65wTnhmYPe2k5A', 'string', ' ', 1, '');
INSERT INTO `hui_config` VALUES (29, 'ftp_url', 2, '外链url地址', 'http://222.com', 'string', ' ', 1, '');
INSERT INTO `hui_config` VALUES (30, 'file_path', 2, '文件保存路径', '/uploads/', 'string', ' ', 1, '');

SET FOREIGN_KEY_CHECKS = 1;
